Age,Study_Hours (per day),Class_Attendance (%),Exam_Frequency (per semester),Assignment_Load,Sleep_Hours (per day),Social_Media_Use (hours per day),Screen_Time (hours per day),Family_Income_Level,Peer_Pressure,Family_Support,Anxiety_Level,Stress_Level,Gender_Male,Tuition (Private Coaching)_Yes,Physical_Exercise (hours per week)_Yes,University_Type_Private University,University_Type_Public University
24,9,71,7,4,6,6,9,0,6,3,5,1,True,False,True,False,False
24,8,43,6,8,5,6,8,1,3,7,8,2,False,True,True,False,False
21,4,56,3,6,5,7,9,0,2,5,3,1,False,True,True,True,False
23,4,46,8,6,8,5,6,1,8,6,5,1,False,False,False,True,False
20,8,46,5,1,6,0,7,1,5,6,2,0,True,False,True,False,False
19,2,95,5,2,7,3,6,0,2,6,1,0,True,False,False,False,False
22,0,85,9,5,9,0,4,0,5,9,9,0,False,True,True,False,True
20,6,52,6,1,8,2,1,0,2,1,1,0,False,True,True,False,False
23,8,74,8,5,5,7,3,0,5,8,4,1,False,False,False,False,False
24,4,46,1,8,9,6,11,1,5,6,5,1,True,True,False,True,False
22,2,50,8,3,4,4,2,2,6,4,7,1,False,False,False,True,False
22,4,89,6,9,9,6,1,1,6,9,6,0,False,False,True,True,False
24,4,49,4,9,7,4,6,2,7,1,8,2,True,True,False,False,False
22,7,88,6,3,6,0,2,0,6,5,2,0,True,True,False,True,False
24,0,48,7,2,5,6,11,2,7,3,4,2,True,True,False,True,False
23,7,68,9,3,6,4,1,0,5,1,4,1,True,False,True,False,True
23,7,48,2,6,8,2,4,0,2,3,2,0,True,True,False,False,True
23,6,95,9,4,4,6,1,0,1,7,2,1,True,True,False,False,False
22,2,64,1,5,6,3,1,1,4,2,1,0,False,True,False,False,False
20,7,61,6,3,6,3,6,2,9,4,2,0,False,True,False,False,True
22,6,48,9,9,6,7,7,1,5,6,1,2,True,True,False,True,False
23,9,77,6,4,5,0,3,0,2,4,8,0,False,True,True,False,False
24,0,64,2,1,5,4,5,1,3,3,5,0,False,False,False,True,False
23,6,83,2,4,4,1,9,0,2,7,4,0,True,True,False,True,False
22,7,84,7,7,6,3,9,0,1,7,3,1,False,False,False,False,False
23,5,79,7,7,5,4,10,1,8,9,5,1,True,True,True,True,False
24,4,90,9,9,5,3,4,2,2,5,8,2,True,True,True,False,True
20,2,92,7,9,6,0,6,0,4,1,6,1,False,True,True,False,True
22,3,75,9,8,5,6,2,2,7,4,5,1,False,False,True,True,False
23,3,62,5,6,5,3,10,0,5,5,4,1,False,True,True,True,False
19,1,90,3,8,9,0,9,1,3,3,7,1,False,True,False,False,False
20,7,68,7,4,7,6,7,2,6,3,3,1,False,False,True,False,False
24,5,56,2,5,8,1,5,1,8,4,1,0,False,False,False,False,True
23,5,75,2,8,4,6,3,1,2,4,4,1,True,True,True,True,False
20,2,97,5,5,8,6,10,1,9,9,5,1,False,False,True,False,True
24,1,40,6,9,6,7,8,0,8,2,2,2,False,True,True,False,False
23,7,78,1,9,6,1,8,0,4,6,1,0,True,False,False,False,False
19,9,59,8,3,5,5,5,1,9,9,9,1,True,False,True,True,False
21,1,97,7,2,8,6,11,2,5,5,2,1,True,True,False,True,False
20,9,89,1,3,5,1,6,0,8,6,1,0,False,False,True,True,False
19,6,74,9,5,8,7,9,0,5,6,1,1,True,False,True,False,False
20,3,83,3,1,9,4,3,2,5,2,5,0,True,False,True,False,True
21,7,47,5,3,5,2,6,0,5,3,9,1,True,True,False,True,False
20,6,48,9,1,8,1,10,0,1,4,8,1,True,True,False,True,False
19,1,48,1,5,6,4,8,1,1,1,3,1,False,False,False,True,False
19,5,45,9,9,5,0,1,0,7,5,6,1,False,True,False,False,False
19,6,70,3,9,8,0,7,0,4,4,5,1,True,True,False,False,True
21,8,77,4,2,4,5,5,1,7,6,3,0,False,True,True,False,True
20,5,50,8,9,6,1,5,1,7,3,7,2,False,False,False,False,False
20,8,68,6,1,6,6,7,0,4,4,4,1,True,True,False,False,False
23,9,48,8,6,9,4,6,0,9,4,1,1,False,False,False,True,False
22,5,43,1,4,9,0,6,1,7,4,9,0,True,False,False,False,False
24,1,74,9,5,4,3,4,2,3,1,4,1,False,False,False,False,True
20,3,62,3,5,5,2,2,1,2,8,2,0,True,False,False,False,False
22,4,87,9,7,8,5,10,0,7,9,9,2,False,False,False,True,False
23,1,60,4,2,8,3,7,2,4,5,1,0,True,False,True,False,False
23,8,96,8,3,7,1,4,0,6,4,5,0,False,True,False,True,False
24,9,61,4,7,5,5,1,0,4,3,2,0,False,False,True,False,True
20,3,43,2,6,4,6,4,0,4,1,4,1,False,True,False,False,True
19,9,79,7,2,5,4,7,1,1,2,6,1,True,False,True,True,False
19,4,79,1,5,4,7,10,1,4,8,6,1,True,True,True,False,True
24,4,98,1,6,9,1,5,1,5,5,4,0,True,True,True,False,False
24,4,73,4,6,7,1,3,1,2,5,6,0,False,False,False,True,False
20,0,57,4,1,7,1,11,2,1,5,3,0,False,False,True,False,False
23,1,75,7,9,4,1,5,0,6,8,1,0,True,False,True,True,False
19,4,95,5,7,8,1,4,0,8,5,7,0,True,False,True,False,True
23,3,57,7,7,8,2,7,0,9,4,2,1,False,True,True,False,True
19,7,59,4,1,7,4,6,1,2,8,7,0,False,False,True,False,True
21,6,94,6,2,8,5,11,1,5,6,3,1,False,False,False,False,True
22,9,40,6,8,9,4,1,2,8,9,9,0,True,True,True,True,False
22,7,91,5,4,9,2,6,2,8,4,2,0,False,True,True,False,True
20,7,67,1,3,6,7,1,1,6,1,5,0,False,True,False,False,False
23,0,47,4,4,8,2,5,1,7,7,8,0,True,False,True,True,False
23,0,82,4,4,9,0,8,0,5,5,4,0,True,True,False,False,True
22,6,70,4,1,9,5,6,0,9,2,2,0,False,False,False,False,True
24,7,87,5,6,4,4,7,1,2,1,7,2,False,False,False,False,False
24,3,69,3,7,7,3,8,1,6,5,2,1,True,True,False,False,False
21,0,52,3,1,9,1,2,0,6,2,8,0,False,False,False,False,True
21,5,64,1,2,8,4,1,1,6,2,3,0,True,True,False,True,False
21,0,71,6,6,9,3,1,0,1,6,6,0,False,False,False,False,True
19,3,91,3,2,4,1,1,0,2,9,6,0,False,False,True,False,False
20,9,50,5,5,7,4,5,2,8,5,3,0,True,True,False,False,True
24,0,93,1,5,9,1,9,1,4,9,8,0,False,True,False,True,False
21,1,86,6,3,7,0,8,2,2,2,2,0,True,True,True,False,False
20,6,54,3,4,8,5,2,0,6,8,4,0,True,True,False,True,False
21,2,44,2,1,6,1,3,2,4,1,8,0,False,True,True,True,False
24,1,80,5,1,9,3,11,0,5,5,7,1,False,True,False,True,False
19,7,78,4,3,8,4,4,1,8,8,2,0,True,True,True,False,True
23,9,50,5,8,5,0,8,0,2,5,7,1,True,False,False,True,False
23,4,49,3,9,5,1,2,0,6,5,5,0,True,False,False,False,True
21,3,71,3,5,5,6,3,1,3,8,4,0,False,False,True,False,True
21,5,57,5,2,5,1,8,1,3,9,3,0,False,True,True,True,False
23,9,66,6,5,9,2,6,0,2,6,2,0,False,True,True,False,True
20,9,92,3,2,7,2,3,0,1,3,1,0,True,False,False,False,True
20,4,64,4,4,7,3,6,2,3,7,7,0,False,False,False,False,True
22,4,54,1,4,6,7,11,0,3,2,2,1,True,False,True,False,False
19,1,90,8,7,5,2,9,1,8,2,6,2,False,True,True,False,True
19,3,95,1,8,8,4,10,0,8,5,6,1,True,False,False,False,True
21,1,80,1,9,6,2,10,1,4,6,7,1,True,True,False,False,False
23,4,53,8,8,6,0,2,0,2,8,3,0,False,True,True,False,True
22,2,71,7,3,4,5,11,1,7,8,5,1,True,False,False,True,False
24,5,77,3,3,8,0,7,1,8,5,1,0,True,True,True,True,False
20,6,68,6,2,7,3,3,2,1,2,1,0,True,False,True,True,False
22,5,63,8,8,4,2,10,1,7,2,5,2,True,True,True,False,True
23,6,81,8,4,7,7,10,0,9,7,8,2,False,True,False,False,True
20,1,47,7,2,6,1,6,0,8,6,7,0,True,True,True,False,True
20,8,76,2,4,7,3,2,1,9,6,1,0,True,True,True,False,True
19,0,67,5,7,5,2,7,1,1,8,2,0,True,False,True,False,False
21,8,59,6,4,5,0,7,2,2,7,1,0,False,False,True,False,False
21,3,77,4,6,7,4,3,0,9,3,3,0,True,False,False,False,True
22,7,73,4,3,7,3,1,0,5,9,6,0,True,True,False,False,True
24,1,90,9,6,8,3,10,1,8,5,8,2,True,False,False,True,False
23,0,70,7,6,9,5,2,1,6,2,8,1,True,True,True,True,False
23,1,85,4,4,8,4,10,1,1,6,4,0,False,True,True,False,False
23,3,64,2,9,8,6,11,2,4,2,1,1,True,False,False,False,False
19,2,47,1,5,8,2,2,0,2,5,5,0,False,True,True,True,False
23,0,54,2,4,6,7,5,2,9,3,9,1,True,True,True,False,False
23,7,46,3,5,7,7,3,2,5,8,7,0,True,False,False,True,False
24,2,53,9,5,6,6,3,2,9,5,4,1,True,False,True,False,True
23,8,92,8,5,8,4,10,0,7,3,7,2,False,True,False,True,False
23,4,62,9,7,9,0,4,0,9,7,5,0,False,True,False,False,False
24,4,62,4,6,5,6,5,1,5,4,6,1,True,True,False,False,True
23,4,79,9,8,8,3,8,1,3,3,7,2,True,True,True,True,False
20,3,74,5,8,5,5,3,1,2,4,6,1,False,True,True,False,True
19,3,43,7,1,8,7,11,2,2,1,8,2,False,True,False,True,False
19,6,92,4,5,8,3,7,1,4,6,3,0,True,False,True,False,True
22,4,63,1,9,8,3,2,1,8,6,2,0,False,False,False,True,False
24,2,78,4,1,8,4,3,2,8,7,4,0,False,True,True,True,False
21,7,93,5,9,4,7,8,1,5,3,9,2,False,False,True,False,False
24,9,75,1,9,4,1,10,0,9,3,2,1,False,True,True,False,True
20,2,80,6,2,8,4,1,1,6,3,7,0,True,False,True,False,False
22,0,60,2,6,7,2,5,1,4,5,5,0,False,True,False,False,False
22,8,61,2,1,7,1,4,1,6,7,8,0,False,True,False,True,False
20,5,78,7,8,4,6,9,0,1,2,2,2,True,True,True,False,True
21,2,58,6,2,9,5,2,0,5,7,1,0,True,True,True,False,True
20,3,45,2,2,8,2,6,1,6,6,9,0,True,False,False,False,False
24,9,80,6,1,7,5,5,1,9,9,9,0,False,True,False,False,True
22,0,78,5,7,9,7,11,0,7,5,5,1,False,False,True,False,True
19,9,90,9,9,8,4,3,0,7,4,9,1,True,False,True,False,True
19,5,67,8,7,6,5,8,0,7,8,9,2,True,False,True,False,True
19,3,71,7,2,6,2,5,2,7,5,3,0,True,False,False,False,False
24,5,69,7,1,4,4,6,1,6,3,2,1,True,False,False,True,False
20,5,95,9,1,8,7,2,1,5,1,2,0,True,False,True,False,True
20,5,89,3,9,4,3,7,0,4,2,9,2,True,True,True,False,False
21,5,56,5,9,4,0,6,1,4,3,4,1,True,False,False,True,False
19,5,83,3,5,7,2,9,1,9,8,4,0,False,False,True,False,True
19,2,84,9,5,6,6,8,1,5,2,2,1,True,False,True,False,True
23,4,96,5,6,7,0,8,1,1,3,7,1,False,False,True,False,False
20,7,86,3,5,4,7,11,1,7,4,7,2,True,True,True,False,True
21,4,62,4,1,6,2,2,1,1,7,3,0,True,True,True,False,False
21,2,94,5,4,8,1,2,2,5,3,3,0,False,True,True,False,True
19,1,41,8,4,6,1,3,0,8,3,1,0,False,True,True,False,False
20,2,45,7,1,5,2,4,1,3,4,9,1,False,True,True,True,False
24,8,90,8,2,6,0,8,0,1,1,4,1,False,False,True,True,False
19,5,99,9,7,7,3,7,2,7,4,5,1,True,True,True,True,False
21,7,41,3,9,4,4,7,1,4,2,5,1,True,True,True,False,False
24,0,47,8,3,7,7,10,0,5,6,7,2,True,False,False,False,True
23,2,72,2,5,4,5,10,1,8,7,1,0,False,False,True,False,False
22,0,92,1,9,8,6,11,2,5,9,5,1,False,True,False,True,False
21,5,81,6,9,5,6,8,1,3,7,9,2,False,True,False,False,False
24,5,83,3,1,9,0,5,0,2,4,7,0,True,True,True,False,True
23,5,81,6,7,9,7,8,1,9,2,7,2,True,True,False,False,True
22,9,98,2,8,7,7,3,0,7,5,7,1,True,True,False,False,False
19,6,78,9,3,9,3,9,1,9,8,7,1,True,True,True,True,False
19,9,83,4,2,6,6,9,2,9,3,7,1,False,False,True,False,True
21,5,81,1,8,6,2,9,0,2,9,2,0,True,True,True,True,False
23,0,68,1,2,8,4,4,0,7,4,4,0,True,False,False,False,False
20,1,82,2,7,7,3,7,2,1,4,7,1,True,True,False,True,False
24,0,62,1,8,4,7,1,1,4,6,7,1,False,False,True,False,False
21,7,55,4,4,7,0,9,2,4,2,9,1,False,False,True,True,False
19,4,48,6,8,6,1,4,2,6,7,4,0,True,True,True,False,False
21,7,88,1,1,6,3,6,0,9,6,5,0,True,False,False,False,False
24,0,96,6,4,4,7,3,1,2,6,1,0,True,False,True,False,True
22,3,63,9,8,5,2,7,1,2,3,4,2,True,True,False,True,False
22,2,99,1,2,5,2,4,0,2,3,2,0,False,False,False,False,False
22,5,80,6,3,6,1,4,2,2,8,2,0,True,True,False,False,False
22,9,54,1,4,9,3,6,1,1,2,2,0,True,True,True,False,False
19,6,43,4,6,4,3,2,2,9,1,7,1,True,False,False,False,False
23,6,87,3,1,7,4,3,2,1,8,8,0,False,False,True,False,True
19,7,96,2,1,5,2,9,0,6,8,7,0,False,True,True,False,False
23,6,42,8,8,7,3,3,0,6,7,4,0,False,True,True,False,False
19,6,93,7,5,9,0,1,1,9,7,7,0,True,False,True,False,False
19,3,99,6,2,6,3,6,0,3,6,5,0,False,False,False,False,True
21,1,75,7,7,9,1,3,0,8,2,2,0,False,False,False,False,True
24,1,97,3,4,5,2,1,1,8,7,3,0,False,False,True,False,False
19,8,50,5,2,9,2,9,0,6,8,2,0,True,False,True,False,True
20,7,58,5,7,4,5,11,0,2,9,6,1,True,True,True,False,True
19,8,81,7,6,6,7,3,1,3,4,1,1,False,False,True,True,False
23,7,40,3,1,7,1,3,0,3,6,6,0,True,False,False,False,False
22,6,80,2,6,8,3,5,2,3,6,6,0,True,False,False,False,False
20,1,66,5,5,7,6,6,0,7,7,6,1,True,False,False,False,True
22,1,63,1,2,7,5,2,2,7,4,8,0,True,True,False,False,False
19,6,92,1,3,8,0,2,1,9,3,9,0,True,True,True,False,True
24,0,81,6,6,7,1,11,1,1,8,2,0,False,True,True,False,True
22,1,89,8,5,4,2,4,0,4,2,3,1,False,False,True,False,True
23,9,86,9,5,4,3,4,0,8,2,8,2,True,True,True,False,False
23,7,69,1,9,9,7,9,1,1,8,7,1,False,True,False,False,True
22,5,78,1,8,8,2,1,0,5,1,2,0,True,False,True,True,False
21,6,88,4,3,8,0,1,2,7,5,9,0,False,True,False,False,True
21,5,63,4,4,5,1,5,1,6,5,1,0,True,True,False,False,False
21,2,95,8,3,4,3,8,0,2,7,9,1,False,False,False,False,False
19,8,48,5,5,8,3,2,1,6,5,7,0,False,True,True,False,False
24,0,43,4,8,7,1,11,1,9,9,5,1,False,False,True,False,False
24,5,97,3,7,9,2,8,1,7,7,9,1,False,True,True,True,False
24,5,73,9,4,6,0,6,1,6,6,6,1,False,True,True,False,True
23,1,45,2,3,5,4,7,1,1,4,7,1,True,True,True,False,False
19,4,52,6,9,5,2,3,0,1,5,5,1,False,False,True,False,False
21,1,76,9,4,8,2,6,1,9,7,3,0,False,False,False,False,True
21,6,78,1,2,7,6,10,0,3,4,8,1,False,True,False,False,False
20,9,89,5,9,6,7,8,0,1,3,1,2,False,True,False,True,False
23,1,77,7,4,9,4,10,2,9,8,2,0,False,False,True,False,True
20,7,73,4,5,8,5,8,0,7,2,9,1,True,False,True,False,False
23,0,96,3,3,5,3,6,1,3,3,2,0,False,False,False,False,True
22,0,91,2,9,8,3,11,2,1,9,3,0,True,True,True,False,False
21,2,70,9,4,5,0,5,2,5,9,8,0,True,True,True,False,False
22,3,55,7,8,5,3,3,0,5,3,9,2,True,False,False,False,True
22,2,60,5,2,4,5,7,2,7,5,9,1,False,False,False,True,False
21,8,81,6,1,6,7,7,0,7,4,7,1,True,True,True,False,False
22,1,52,1,1,5,4,2,1,7,5,6,0,False,True,False,False,False
21,1,60,8,9,5,5,9,2,3,6,3,2,True,False,False,False,False
20,3,53,9,2,6,1,5,0,7,7,6,0,False,False,False,False,True
22,8,68,5,1,5,5,10,1,8,1,3,1,False,True,False,True,False
19,8,79,3,4,7,4,11,0,1,3,1,1,False,False,False,False,True
24,6,90,4,7,7,2,2,1,1,8,3,0,False,True,True,True,False
20,9,45,9,4,9,7,8,1,1,8,5,1,True,False,True,True,False
22,2,94,5,8,5,0,9,2,3,8,6,1,False,False,False,True,False
23,8,50,4,5,5,0,1,1,3,5,3,0,True,False,False,True,False
24,1,41,5,5,4,4,11,1,3,3,3,1,False,False,True,True,False
19,5,40,5,7,6,7,10,0,8,1,5,2,True,True,False,True,False
20,3,75,2,4,7,7,2,1,7,5,9,1,False,False,False,True,False
23,3,64,7,4,8,5,8,0,4,7,7,1,False,False,True,False,True
20,3,90,6,9,4,2,3,0,4,9,1,0,False,False,True,True,False
22,2,58,4,1,4,6,9,1,5,6,2,1,False,True,False,False,False
23,0,55,8,6,6,2,6,0,5,9,4,1,False,True,False,True,False
20,3,64,6,8,4,3,6,1,3,3,6,2,True,False,False,True,False
24,3,89,6,7,4,5,3,0,2,4,9,1,True,False,True,False,False
20,7,58,8,3,6,2,3,1,9,9,3,0,False,False,False,True,False
19,6,91,6,6,7,7,3,0,9,3,6,1,True,True,True,True,False
22,4,98,5,2,5,0,9,0,6,9,9,0,False,False,True,False,False
21,6,60,6,2,4,4,5,2,7,7,7,1,True,False,False,False,True
20,4,66,1,4,8,4,5,1,3,2,6,0,True,True,True,False,False
20,2,97,2,4,8,4,11,2,6,8,1,0,True,True,False,False,True
21,4,64,7,7,4,1,3,0,6,9,8,1,True,True,True,False,True
19,6,76,3,7,4,0,11,1,1,2,1,1,True,True,False,True,False
19,5,54,3,7,9,1,2,1,9,8,6,0,True,True,False,True,False
24,6,71,1,4,5,2,4,2,1,2,9,1,False,False,True,True,False
19,9,81,7,4,8,1,10,1,8,8,7,1,False,True,False,True,False
22,3,59,6,8,6,2,5,1,8,7,5,1,False,True,False,True,False
21,7,50,9,5,8,1,6,0,2,6,4,1,False,False,False,False,True
24,5,91,4,9,5,1,2,0,9,9,6,0,True,True,True,False,True
20,1,57,9,9,8,1,11,0,8,8,3,1,False,False,True,True,False
23,9,90,9,2,7,3,5,1,8,5,4,1,False,False,False,False,True
20,2,68,3,8,5,6,11,2,5,1,8,2,True,True,False,False,False
23,5,49,7,6,8,7,7,1,6,7,5,1,True,False,False,False,False
21,2,45,3,9,6,4,2,0,3,1,4,1,True,True,False,True,False
21,9,56,6,2,7,3,4,2,8,5,4,0,True,True,True,False,False
19,7,45,1,1,4,4,3,2,1,8,7,0,False,False,False,True,False
19,2,63,9,1,6,5,3,2,9,7,4,0,True,True,True,True,False
22,1,44,6,4,4,0,4,1,4,4,5,1,True,True,False,False,False
19,8,46,4,6,5,5,1,0,8,3,5,1,True,False,True,True,False
24,4,45,4,3,8,3,4,2,5,6,9,0,True,True,False,False,True
19,3,63,3,6,4,0,1,1,5,5,7,0,False,True,False,False,True
19,1,61,8,7,4,1,11,0,1,6,1,1,True,False,True,True,False
23,0,55,4,4,8,2,3,0,9,7,9,0,True,True,False,True,False
19,1,66,9,8,7,7,3,1,6,9,6,1,False,False,False,False,True
24,5,64,3,4,4,4,8,1,3,2,6,1,False,False,True,True,False
21,4,81,6,6,9,5,4,1,7,2,1,1,False,True,False,False,False
19,0,85,2,8,5,4,3,0,9,5,9,1,False,False,True,True,False
19,7,68,9,4,7,3,11,1,5,3,3,1,False,True,True,False,False
19,0,75,7,8,5,6,11,1,2,6,3,2,True,True,False,False,True
23,0,47,4,4,6,4,9,1,4,3,5,1,True,True,True,False,False
20,0,66,2,8,5,5,3,1,8,7,8,1,False,False,False,True,False
22,3,54,9,1,7,1,1,2,2,3,9,1,False,False,False,True,False
20,5,92,6,1,6,5,4,1,1,6,2,0,False,True,False,False,False
21,2,55,7,8,4,6,6,1,6,8,4,1,True,True,True,False,True
24,5,99,9,9,9,2,11,0,4,5,9,2,True,False,False,False,False
19,0,44,9,7,9,0,4,1,1,4,9,1,True,False,False,False,True
24,4,93,1,4,6,1,6,0,6,3,2,0,True,True,True,False,True
20,9,69,7,3,5,2,2,1,4,4,2,0,True,False,False,False,True
22,9,80,3,8,7,3,9,1,7,7,6,1,True,True,True,False,False
24,9,84,3,4,4,0,11,0,8,8,7,1,False,False,True,False,False
20,4,41,4,7,4,1,1,1,2,9,8,0,False,False,False,False,True
22,0,95,8,3,6,4,4,0,7,4,4,1,False,False,False,False,True
23,7,54,1,1,9,2,10,0,3,7,1,0,True,False,False,False,False
23,5,52,1,1,8,0,9,1,7,1,7,0,False,False,True,False,False
23,1,48,7,7,6,0,1,0,6,4,3,0,True,True,True,False,False
22,0,66,6,9,9,3,3,0,2,7,2,0,False,True,True,False,False
20,5,70,4,8,9,1,11,2,6,6,4,1,True,False,False,False,True
21,5,56,7,6,7,5,1,2,3,1,9,1,False,False,True,False,True
19,0,81,3,6,7,3,10,0,2,8,8,1,True,False,False,False,False
23,4,56,4,5,4,4,1,0,2,3,3,0,True,True,False,True,False
23,8,87,9,5,9,2,1,1,5,4,2,0,True,False,False,False,False
19,9,56,9,8,5,5,8,0,3,2,6,2,True,False,False,False,False
23,1,66,4,9,5,1,6,0,3,3,4,1,True,True,False,False,False
22,8,93,2,3,6,2,9,0,8,2,7,1,False,False,False,False,False
24,7,40,6,8,9,7,6,0,9,3,2,1,True,False,True,True,False
24,1,44,1,5,6,0,1,0,7,6,5,0,False,True,False,True,False
22,0,94,3,1,6,6,7,1,5,4,4,0,True,False,True,False,False
23,8,52,5,5,6,0,9,0,1,5,1,0,True,False,False,False,False
24,7,46,3,3,7,5,7,0,1,4,6,1,False,True,False,True,False
21,8,71,9,7,4,6,7,0,1,7,1,1,False,False,True,False,False
20,1,83,1,8,8,5,2,0,6,2,7,1,True,True,False,False,True
24,9,80,9,8,6,1,9,1,3,7,2,1,True,True,True,False,False
24,7,63,4,5,5,1,2,0,9,4,2,0,True,False,True,True,False
24,5,94,5,2,6,5,9,0,3,2,1,1,True,False,False,True,False
24,3,80,9,6,8,2,7,0,9,6,9,1,True,True,False,True,False
20,1,55,8,8,7,1,1,0,2,2,3,1,False,False,False,True,False
20,4,87,1,4,6,5,9,1,9,7,8,1,True,True,False,True,False
21,9,51,6,6,7,5,1,2,2,3,4,1,False,True,False,False,True
24,0,40,5,7,4,0,2,0,7,1,9,1,False,True,False,False,False
21,5,81,3,8,6,5,11,0,2,1,1,2,True,False,False,False,False
23,0,70,4,1,4,1,4,2,2,5,7,0,True,True,False,False,True
24,1,50,2,8,8,0,8,2,9,2,3,0,True,False,True,False,True
21,0,86,9,1,4,3,10,2,8,1,3,1,False,False,True,False,False
21,7,55,9,1,7,2,8,0,8,7,7,1,True,False,True,True,False
19,4,71,8,9,4,3,1,2,9,2,6,2,True,False,False,False,False
22,9,94,6,1,8,1,9,0,6,2,3,0,True,False,True,True,False
19,3,75,7,6,7,1,6,0,3,5,1,0,False,False,False,True,False
20,3,77,9,8,8,2,7,0,1,7,8,1,False,True,False,True,False
19,1,87,8,5,7,7,8,1,5,6,5,1,True,False,True,False,False
19,2,45,7,5,7,5,6,2,8,6,3,1,True,True,False,False,True
19,4,41,9,5,9,1,7,1,6,2,6,1,True,True,False,True,False
23,3,89,9,2,5,5,7,0,4,8,7,1,False,True,False,False,False
21,7,87,4,8,4,2,1,2,3,6,7,0,True,False,True,True,False
24,6,68,8,3,9,1,3,1,1,9,4,0,True,False,True,False,False
24,3,95,9,8,4,4,6,2,4,2,5,2,False,True,True,False,False
21,9,90,1,8,9,3,1,0,8,7,5,0,True,False,False,False,True
20,8,41,5,2,9,6,6,1,2,7,7,0,False,True,False,True,False
19,2,60,1,8,8,7,2,1,3,3,3,0,False,False,True,False,True
23,0,73,4,9,5,4,8,1,4,9,2,1,True,True,False,True,False
22,7,65,7,9,7,0,9,1,5,8,7,1,False,False,True,False,True
22,7,58,5,5,7,2,3,0,2,3,6,1,False,True,False,True,False
23,9,82,4,4,4,3,3,0,9,9,7,0,False,False,False,False,True
22,6,48,5,4,5,1,8,0,6,2,8,1,True,True,True,False,True
23,7,67,3,8,6,1,5,2,2,4,1,0,True,True,False,False,False
22,7,64,7,2,5,6,6,2,2,5,7,1,False,False,False,True,False
23,3,55,2,2,9,3,5,1,3,5,7,0,False,True,True,False,False
21,2,67,8,8,5,4,1,0,7,4,4,1,False,True,True,False,False
24,8,76,7,4,6,2,10,1,1,8,8,1,True,True,False,False,False
21,5,48,8,2,7,4,2,1,6,5,8,0,False,True,True,True,False
23,2,64,5,4,6,5,2,0,4,4,5,1,True,True,False,True,False
23,0,54,7,2,7,0,6,1,9,5,2,0,False,True,False,False,False
20,0,95,6,4,4,4,9,1,1,1,1,1,True,True,False,True,False
19,9,88,6,4,6,0,3,1,2,1,2,0,True,True,True,False,True
23,2,49,2,8,6,7,3,1,8,1,6,1,False,True,False,False,True
19,1,65,7,1,8,0,8,0,3,7,3,0,True,False,False,True,False
24,6,60,5,8,6,1,3,1,6,7,2,0,True,True,False,False,False
22,9,91,9,9,5,6,4,0,5,8,8,2,False,True,True,True,False
24,5,68,6,9,6,3,7,2,4,3,9,2,True,False,True,False,False
20,8,60,7,6,9,3,5,2,1,9,9,0,False,False,True,False,True
20,1,52,4,2,4,3,6,0,6,9,3,0,True,False,False,True,False
19,4,68,6,7,9,4,5,0,8,4,5,1,False,True,True,False,True
24,3,78,1,7,5,4,5,1,7,2,1,1,True,False,False,False,True
24,7,54,4,9,7,3,1,2,4,2,5,1,False,False,False,False,False
24,3,96,3,6,9,1,5,2,6,5,4,0,False,True,True,False,False
23,5,53,1,8,6,3,4,1,5,2,5,1,True,True,True,False,False
22,0,47,7,1,9,0,11,0,1,1,5,1,False,True,False,True,False
23,9,45,3,8,8,4,8,0,1,8,4,1,False,True,False,True,False
21,4,46,7,6,5,0,7,0,3,3,8,1,False,True,True,False,True
24,6,97,6,8,7,4,4,1,1,7,6,1,False,False,False,True,False
23,2,49,8,6,6,2,6,1,6,1,2,1,False,False,False,True,False
21,8,71,5,5,4,5,11,0,5,4,5,2,True,True,True,False,False
24,4,69,4,6,7,6,7,0,4,6,7,1,True,False,True,True,False
21,5,49,9,9,4,7,2,1,8,7,1,1,True,False,False,False,True
19,3,99,1,1,6,1,2,0,6,8,9,0,True,True,True,False,False
21,9,49,5,2,7,6,5,0,9,2,9,1,False,False,True,True,False
21,9,42,3,8,6,5,7,2,1,5,1,1,False,True,False,False,True
20,3,47,5,9,8,7,4,2,3,6,7,1,True,True,True,True,False
23,2,59,2,7,7,7,1,1,4,7,6,0,True,False,False,False,True
23,1,99,9,8,4,5,7,1,6,3,3,2,False,True,False,True,False
24,9,70,1,3,9,4,10,0,4,5,3,0,False,True,True,False,True
24,8,72,7,1,9,4,10,1,9,3,9,1,False,False,False,True,False
20,3,84,8,6,5,2,6,0,6,2,6,1,True,True,True,False,False
22,5,74,2,4,9,5,8,1,4,7,4,0,False,False,False,True,False
21,7,51,6,7,9,3,8,1,7,7,5,1,False,True,False,False,False
22,2,66,9,9,7,6,5,1,4,9,8,1,False,True,True,False,False
20,9,88,6,5,9,5,9,1,3,9,6,1,False,False,False,False,False
21,6,47,8,9,6,7,4,1,4,6,4,1,True,False,False,False,False
22,4,96,2,8,5,0,2,0,2,7,5,0,False,False,False,True,False
20,2,94,2,4,7,5,1,0,4,5,9,0,False,True,False,True,False
21,6,75,8,4,7,1,9,2,4,4,5,1,True,False,False,True,False
20,0,86,6,2,7,2,10,1,6,4,3,1,True,False,False,True,False
23,8,75,5,3,4,5,4,1,1,3,9,1,True,True,False,False,True
24,2,47,2,6,4,4,9,0,1,1,1,1,True,True,False,False,False
20,9,58,6,5,5,1,7,1,2,4,2,0,True,True,True,False,True
24,9,74,7,4,6,4,5,1,3,8,3,0,True,True,True,True,False
22,4,80,5,5,6,5,6,1,3,4,9,1,True,False,False,False,True
20,0,46,5,5,6,7,9,1,7,3,5,2,True,True,False,False,False
23,6,54,7,6,9,3,1,1,1,2,6,0,False,False,True,True,False
24,8,92,9,4,7,0,3,1,3,1,4,1,True,True,False,True,False
21,2,74,1,5,4,2,9,2,5,6,7,1,True,False,True,False,False
19,3,56,5,5,8,0,2,1,4,6,1,0,False,True,False,False,False
19,8,84,2,9,7,2,9,2,3,3,6,1,False,True,True,False,False
20,7,89,7,6,6,5,8,1,8,1,2,1,True,True,True,False,True
24,4,89,7,2,8,0,9,1,9,4,1,0,False,False,True,False,False
20,8,87,1,6,7,3,7,0,1,1,9,1,True,True,False,False,True
19,2,40,3,2,9,1,11,1,8,8,6,0,True,True,True,False,True
19,7,72,9,7,9,2,6,1,4,8,1,0,False,False,False,True,False
19,9,72,1,3,4,3,11,2,1,7,5,1,True,True,False,True,False
24,3,99,3,1,6,5,7,0,7,2,8,1,False,True,True,True,False
23,3,49,6,1,5,3,9,1,3,7,7,1,True,False,False,False,False
19,9,97,9,9,5,5,8,1,4,1,2,2,False,True,True,True,False
21,6,42,4,7,5,1,8,0,8,2,6,1,False,False,False,False,False
21,0,46,3,6,5,5,8,1,5,9,7,1,False,False,False,False,False
19,3,92,2,4,7,0,3,0,5,2,8,0,True,False,True,True,False
19,5,49,1,8,9,7,3,1,2,6,8,1,False,True,False,False,False
21,3,87,8,9,7,1,5,2,9,2,6,1,False,False,True,False,False
20,0,98,5,7,5,0,1,0,6,8,3,0,True,False,True,False,True
20,4,51,2,2,4,6,1,1,7,4,3,0,False,True,True,True,False
24,6,78,2,4,7,1,5,2,1,9,7,0,False,True,True,False,True
19,0,88,7,6,5,3,1,1,6,3,2,0,False,False,True,False,True
19,0,42,1,1,7,1,10,0,3,4,9,1,True,True,False,False,False
24,3,60,1,4,8,5,4,0,1,6,5,0,True,False,False,False,False
23,2,63,3,5,8,2,2,2,6,9,9,0,False,True,True,True,False
19,6,62,7,7,4,5,1,1,7,8,5,1,True,False,False,True,False
20,3,82,1,4,5,1,5,0,4,1,8,1,True,True,True,True,False
24,8,56,9,1,6,1,11,1,5,7,4,1,False,False,False,True,False
21,1,97,7,7,6,4,9,2,1,7,9,2,False,False,False,False,True
21,4,80,1,3,8,2,10,2,5,7,6,0,True,False,True,True,False
24,1,99,6,7,5,6,7,1,1,8,2,1,False,True,False,False,False
20,4,43,8,5,6,6,1,2,1,6,3,1,False,False,False,False,False
19,8,68,3,6,9,5,3,1,5,9,2,0,False,True,False,False,True
24,6,88,2,1,5,0,7,0,7,2,4,0,True,True,True,True,False
19,9,41,2,5,9,2,10,2,1,3,1,0,False,True,True,False,True
19,1,40,6,7,9,2,5,1,4,4,7,1,False,False,True,False,True
24,7,79,6,1,7,4,8,1,2,6,5,1,False,True,False,True,False
21,5,67,7,1,4,2,8,1,7,8,1,0,False,True,False,True,False
24,9,63,7,2,9,6,4,1,9,2,9,1,True,False,True,False,True
24,9,41,9,2,9,3,3,2,7,4,6,0,True,False,True,False,False
24,0,62,8,9,8,6,8,1,5,9,6,1,True,True,True,False,True
22,2,45,6,9,5,0,1,1,8,2,6,1,True,False,False,False,False
22,0,59,8,5,9,0,9,0,9,6,1,0,False,False,False,False,True
19,5,74,1,5,7,7,4,1,4,2,9,1,False,True,True,True,False
22,1,76,2,7,6,3,1,0,1,6,8,0,True,False,False,False,True
22,8,58,5,3,4,7,2,2,2,5,4,0,True,True,True,True,False
21,0,77,1,3,4,0,10,0,8,6,4,0,False,False,False,False,False
22,3,52,5,2,4,4,10,0,1,8,2,1,False,True,False,False,False
19,8,66,7,2,6,7,6,2,7,9,7,1,True,False,False,False,True
24,9,42,2,6,4,5,11,2,9,3,3,1,False,True,True,False,False
24,4,97,4,8,9,6,4,1,8,2,7,1,False,True,False,True,False
19,3,50,4,3,8,4,11,1,8,3,7,1,False,False,True,True,False
24,0,91,9,3,6,5,9,1,4,1,5,2,False,False,False,False,True
23,6,41,2,2,9,6,3,0,6,7,3,0,False,True,True,True,False
23,5,80,2,4,8,4,1,1,4,4,6,0,False,False,False,False,True
23,9,46,2,5,4,0,9,2,7,9,2,0,False,False,False,True,False
24,2,71,9,4,6,6,10,1,3,5,5,2,False,True,False,False,False
21,9,91,5,7,7,5,2,1,2,9,7,0,False,False,False,False,True
23,6,79,5,2,7,5,3,1,6,8,6,0,False,False,False,True,False
21,7,45,9,1,6,2,4,0,4,6,1,0,False,True,True,True,False
24,9,85,1,8,5,1,8,0,7,2,1,0,True,True,True,True,False
21,8,70,4,9,8,7,6,0,1,7,4,1,False,False,True,False,True
23,4,63,7,8,9,4,10,0,8,7,7,1,True,False,False,False,True
21,0,47,8,5,8,3,8,0,2,5,1,0,False,True,True,True,False
23,0,88,3,3,6,7,2,1,8,8,1,0,False,True,True,True,False
19,6,85,1,5,7,0,8,0,7,7,4,0,False,True,False,False,True
20,7,76,4,8,6,2,8,2,9,5,1,1,False,True,False,True,False
21,8,96,9,4,8,2,9,1,7,7,5,1,False,True,True,True,False
19,5,98,4,7,4,7,8,1,6,9,1,1,False,False,True,False,False
21,4,40,9,1,9,7,7,1,6,3,2,1,True,True,True,False,True
24,1,60,2,4,4,4,2,2,4,2,3,0,True,False,False,False,False
21,6,81,8,7,6,5,6,1,9,8,1,1,True,True,False,False,False
22,3,89,8,7,7,5,8,0,2,7,5,1,True,True,False,False,False
19,4,59,8,4,9,4,11,1,4,5,9,1,False,True,True,False,False
21,3,73,6,6,9,1,9,1,2,1,3,1,False,False,True,False,False
19,5,90,1,5,8,2,6,0,4,8,7,0,True,True,False,False,False
20,2,74,1,1,4,0,3,1,9,5,5,0,True,False,True,True,False
20,1,43,5,6,6,2,2,1,1,1,4,0,True,True,True,False,True
23,4,72,5,8,8,1,4,0,7,1,3,0,False,False,True,False,True
23,0,87,8,3,6,2,11,0,1,2,4,1,False,False,False,False,True
21,6,56,3,9,9,1,4,0,3,1,6,1,True,True,False,False,False
23,3,61,1,8,6,4,7,2,4,2,6,1,False,False,True,False,False
23,5,90,3,4,4,6,3,1,6,9,1,0,True,False,True,False,False
20,5,84,4,1,5,2,6,0,3,6,7,0,False,True,True,False,True
23,6,56,6,9,6,4,11,1,4,3,6,2,True,True,False,False,False
20,2,45,1,1,6,0,10,2,5,1,8,1,True,False,True,False,True
22,3,79,9,4,5,5,11,2,4,2,9,2,False,False,False,False,True
21,1,97,5,2,8,7,1,0,1,7,8,0,False,True,False,True,False
21,9,70,6,8,6,3,1,0,2,4,1,0,False,True,False,True,False
21,2,61,6,1,9,6,6,1,5,7,8,1,True,False,False,True,False
23,2,70,9,1,9,1,8,0,4,1,2,0,True,False,True,False,True
23,6,52,3,1,7,0,1,0,5,5,7,0,False,True,True,False,True
20,6,77,6,4,6,0,10,0,1,2,8,1,False,True,True,False,True
21,0,42,8,1,8,5,8,1,5,2,3,1,False,False,False,False,False
23,6,74,7,1,7,7,9,2,3,1,3,1,False,False,True,True,False
19,0,86,8,1,4,1,8,1,4,6,7,1,True,False,False,True,False
23,4,62,3,1,9,7,6,1,5,8,4,0,True,False,True,False,False
23,8,78,4,1,7,2,8,1,7,1,9,1,True,True,True,False,False
24,5,55,3,3,9,2,6,2,1,5,1,0,False,True,True,False,False
19,5,47,1,9,5,4,7,2,3,3,9,2,True,False,False,False,False
24,8,55,5,8,9,4,7,0,5,3,1,1,True,False,True,False,False
19,0,70,1,4,6,1,9,1,1,6,8,1,False,True,False,False,False
19,9,94,9,4,4,6,3,0,8,7,1,1,True,False,False,True,False
22,0,98,7,4,4,7,1,1,2,9,9,1,True,False,True,True,False
20,6,54,5,4,5,7,10,1,6,3,4,2,True,True,False,True,False
22,3,58,2,4,9,6,8,0,9,5,3,0,True,True,True,False,False
22,1,76,4,7,5,7,6,1,6,7,4,1,False,False,True,False,False
21,5,58,8,4,5,6,3,1,2,6,8,1,True,True,True,False,True
23,6,95,8,2,8,7,11,0,2,5,6,1,False,True,True,False,False
20,8,68,6,8,9,7,3,0,3,6,7,1,True,True,True,False,False
20,4,82,7,5,9,3,8,1,8,7,1,0,True,True,False,False,True
23,6,86,6,2,6,7,2,1,1,7,9,1,True,True,True,True,False
24,6,53,7,1,8,0,10,1,1,8,9,0,True,True,True,False,True
23,7,40,5,8,5,2,7,1,5,4,6,1,False,False,False,False,True
20,4,82,1,7,6,1,1,0,4,4,7,0,True,False,False,False,False
24,0,73,9,9,6,4,10,1,8,2,5,2,False,True,True,False,False
21,7,96,3,4,5,0,7,0,8,2,5,1,False,True,False,False,True
19,5,99,1,3,8,5,5,1,6,1,3,0,True,False,False,False,False
19,5,60,8,3,5,3,5,1,9,1,3,1,False,True,False,True,False
23,5,99,9,6,6,5,11,2,1,1,1,2,False,False,False,True,False
20,6,68,2,4,5,4,8,0,5,3,4,1,True,False,True,False,True
22,5,65,3,3,9,3,1,1,8,7,1,0,False,False,True,True,False
19,0,80,6,9,9,4,3,1,9,4,6,1,True,True,False,True,False
19,9,60,9,9,4,2,9,1,5,2,7,2,False,False,False,False,True
19,4,47,8,2,5,0,9,0,2,4,9,1,True,False,False,False,True
23,7,98,1,1,7,7,8,2,2,5,8,1,False,True,False,True,False
19,4,92,5,8,6,4,2,1,1,3,1,0,False,True,True,True,False
20,3,41,8,2,9,7,9,0,9,7,1,1,True,True,False,True,False
20,6,84,6,4,5,4,7,1,8,4,4,1,False,False,True,False,False
21,9,83,4,4,5,6,1,1,1,1,5,1,False,True,False,True,False
20,1,72,5,2,8,7,7,1,5,8,1,0,True,False,False,False,False
23,9,69,4,4,4,2,2,1,9,8,1,0,True,False,False,True,False
22,0,79,3,4,9,4,8,1,5,8,7,0,True,True,False,False,False
20,0,91,2,9,6,2,6,2,6,3,3,1,False,False,True,True,False
19,3,73,4,8,5,7,2,1,4,6,8,1,False,True,False,False,False
23,4,52,6,7,5,4,10,1,5,3,6,2,False,False,True,True,False
19,1,45,7,6,4,7,11,0,9,9,4,2,True,False,False,False,False
19,3,64,8,6,9,7,2,0,2,3,3,1,False,True,False,False,False
20,7,82,5,3,4,7,9,1,5,1,3,2,False,False,False,False,True
21,5,59,3,9,5,7,10,0,2,5,5,2,True,False,True,False,True
24,1,91,7,9,9,1,1,0,7,1,5,1,False,True,True,False,False
22,1,71,9,5,6,5,2,0,2,6,8,1,False,False,True,False,False
24,2,41,5,7,8,0,5,0,1,7,3,0,False,True,False,True,False
20,6,64,7,2,4,1,8,1,2,5,7,1,True,False,True,True,False
22,8,45,9,7,8,0,7,0,9,9,9,1,False,True,False,False,True
20,6,98,8,1,8,1,11,1,4,1,9,1,True,True,True,True,False
24,2,52,1,7,6,3,3,2,3,9,3,0,False,False,False,True,False
19,5,61,4,6,7,6,11,1,2,7,1,1,True,False,False,False,False
19,1,89,8,3,7,2,5,0,3,5,4,0,True,False,True,False,False
21,0,71,4,3,9,1,11,0,5,3,5,1,False,True,False,False,False
21,0,82,9,7,9,3,9,1,9,4,5,1,True,False,True,False,True
24,3,77,5,8,7,7,2,1,9,8,2,0,True,True,True,True,False
24,7,46,4,2,8,6,1,1,7,4,1,0,False,False,True,False,True
20,6,69,7,1,8,5,4,2,2,7,7,0,False,False,True,False,False
20,2,89,9,8,4,5,4,2,3,3,1,1,False,True,False,False,True
21,4,51,7,1,8,5,9,2,7,2,9,1,False,True,True,False,False
23,4,81,7,4,5,4,11,2,3,3,4,1,False,True,True,True,False
19,8,67,6,7,7,6,5,2,5,6,2,1,False,True,False,False,True
19,0,94,8,3,6,2,11,2,2,5,6,1,False,True,True,False,False
22,0,93,8,9,8,7,2,0,4,6,2,1,True,True,True,True,False
21,7,52,9,8,4,1,6,1,3,7,1,1,False,False,True,False,False
24,7,54,1,1,7,7,2,1,2,2,4,0,False,True,True,False,True
20,2,50,2,4,5,4,3,2,6,5,8,0,True,False,True,False,False
19,2,79,7,3,4,0,1,0,9,9,9,0,True,True,False,False,True
21,6,70,4,1,6,1,6,0,2,6,1,0,True,True,True,True,False
22,9,65,7,4,7,7,8,0,9,1,9,2,False,False,True,False,False
23,9,77,4,5,9,7,9,0,8,6,2,1,True,True,False,False,False
20,4,48,5,1,8,4,2,1,7,2,7,0,False,False,True,False,False
22,9,57,6,4,4,1,11,0,5,3,3,1,True,False,True,True,False
24,3,70,5,6,6,2,4,0,7,8,8,0,True,True,True,False,False
22,8,99,1,6,4,4,11,1,5,7,3,1,False,False,True,True,False
21,4,52,6,5,5,4,6,2,4,6,1,0,True,True,True,True,False
24,7,85,9,7,4,5,1,0,8,9,1,0,False,False,False,False,False
20,9,50,9,1,6,1,4,1,8,3,1,0,False,False,False,True,False
21,6,61,6,5,9,5,3,0,1,1,9,1,True,True,False,False,False
19,6,46,2,6,5,3,4,0,1,8,9,1,False,False,False,True,False
21,7,98,4,8,4,1,2,1,6,1,3,1,False,False,True,True,False
20,1,52,6,2,4,2,5,0,6,6,9,1,False,True,False,False,True
22,0,51,4,8,9,5,8,1,9,5,9,1,False,True,False,False,True
23,2,47,1,2,8,0,8,0,9,3,2,0,False,False,True,False,True
22,5,97,2,8,9,3,9,2,1,8,2,0,False,True,True,False,True
20,3,64,8,4,8,3,9,1,6,5,1,1,False,False,False,True,False
20,4,95,9,9,6,5,7,2,5,7,6,2,True,False,True,True,False
24,8,72,9,1,7,4,6,1,4,4,8,1,False,True,True,False,True
20,6,69,6,8,4,7,10,1,5,4,4,2,False,False,True,True,False
24,9,59,8,1,5,4,3,1,2,2,8,1,False,False,False,True,False
22,6,81,5,4,4,0,11,0,8,2,4,1,False,True,False,True,False
22,8,66,2,5,8,1,8,1,8,4,7,1,False,True,False,False,False
24,7,59,4,6,9,7,11,1,8,4,6,1,True,True,True,False,False
24,8,63,4,1,7,6,10,1,7,7,7,1,True,False,False,False,False
20,4,71,4,9,5,1,7,1,6,8,7,1,True,False,False,False,True
19,3,93,1,7,6,3,6,2,9,4,5,1,False,False,False,False,True
22,5,88,1,7,7,6,5,0,2,2,9,1,False,False,True,True,False
21,2,87,6,6,8,0,5,1,7,6,8,0,True,False,True,True,False
22,4,50,1,6,9,2,7,0,1,7,3,0,False,False,True,False,True
19,3,53,9,8,7,3,10,0,9,7,6,1,False,True,True,False,False
24,0,80,1,9,5,2,5,1,3,6,3,0,True,False,True,False,False
20,3,71,3,2,7,6,2,0,1,7,3,0,False,True,False,False,False
22,8,43,4,3,8,1,10,0,1,3,5,1,True,False,False,True,False
23,4,40,5,7,7,4,9,0,2,7,7,1,False,True,True,False,True
21,8,46,4,8,6,7,7,1,2,6,7,1,True,False,True,False,False
24,9,50,1,5,9,1,7,1,8,6,1,0,True,False,True,False,True
24,3,62,6,6,7,2,3,1,9,5,6,0,True,False,True,False,False
20,2,75,4,4,9,0,11,2,9,7,2,0,False,True,True,False,False
22,7,43,2,5,8,1,1,1,3,3,7,0,False,True,True,False,False
20,6,54,9,8,9,0,4,2,6,4,4,1,True,True,False,False,False
21,8,60,4,1,7,5,6,2,8,7,2,0,False,False,True,False,True
21,0,93,1,4,4,2,1,2,7,7,8,0,True,False,False,True,False
24,6,85,5,7,5,1,1,1,9,6,5,0,False,False,False,True,False
24,7,98,1,5,7,3,8,1,7,6,9,1,True,True,True,True,False
23,2,85,2,7,4,4,3,0,4,2,6,1,True,False,True,False,True
24,0,46,2,2,8,2,9,2,5,6,3,0,True,True,False,False,False
23,4,77,2,5,9,4,9,1,2,2,4,1,False,True,True,False,False
23,6,70,7,3,7,3,4,2,7,6,8,1,True,True,False,False,True
22,4,73,6,7,5,4,5,0,2,5,1,1,True,True,False,False,True
22,4,44,1,9,8,4,6,2,6,3,8,1,True,False,True,False,True
21,0,83,2,4,8,2,9,0,2,4,5,0,False,True,True,False,True
22,9,89,1,4,6,7,4,0,1,6,4,0,True,False,False,False,False
21,3,48,9,6,6,3,10,2,1,5,5,1,True,False,True,False,False
22,9,51,1,2,9,4,9,2,2,2,7,1,False,False,False,False,False
23,4,62,7,8,9,7,5,1,3,6,8,1,False,False,False,True,False
23,6,75,2,5,4,6,9,1,6,8,3,1,True,True,True,False,False
19,5,80,8,4,5,7,5,2,2,6,4,1,True,True,False,False,True
21,3,93,9,6,9,4,6,0,6,4,3,1,False,False,True,True,False
24,1,48,4,9,9,7,11,0,2,5,5,2,True,True,False,False,False
20,0,59,6,3,9,0,4,1,8,6,5,0,True,False,False,True,False
19,6,83,9,3,9,6,9,0,3,1,4,2,False,True,False,False,True
24,1,96,6,2,4,6,2,0,6,3,8,1,True,True,False,False,False
20,9,87,1,7,7,2,3,1,2,3,6,0,False,True,True,False,False
23,1,47,5,9,7,2,8,0,4,4,1,1,True,True,False,False,True
20,9,44,9,9,6,2,7,1,3,8,7,1,True,True,False,False,False
19,0,54,3,6,7,0,7,1,9,3,6,0,True,True,True,False,True
24,9,90,3,4,9,5,2,1,3,5,6,0,False,True,False,False,False
20,1,83,9,9,5,5,7,2,7,9,3,1,False,True,True,False,True
23,2,65,4,4,7,7,2,0,9,6,3,0,False,True,False,False,True
24,9,52,1,2,5,7,8,2,6,8,4,0,True,True,True,False,False
21,9,60,9,5,5,0,2,1,4,8,2,0,True,True,False,True,False
21,6,89,1,9,4,1,11,1,9,6,8,1,True,True,True,True,False
23,7,54,4,8,6,3,6,0,8,4,9,1,False,True,False,False,True
21,2,42,3,5,7,3,2,0,7,9,1,0,True,False,True,False,True
21,5,62,4,7,4,1,4,0,5,8,2,0,False,False,False,True,False
20,5,95,1,6,7,1,1,0,8,5,2,0,True,True,False,False,False
22,2,66,6,9,4,3,11,1,9,7,3,1,True,True,True,False,True
24,6,81,5,6,8,2,6,1,8,3,4,1,False,False,False,True,False
22,2,76,8,1,4,2,3,0,6,4,2,0,False,True,False,False,True
24,6,49,8,3,5,3,2,1,5,3,2,0,True,True,True,True,False
23,9,97,7,4,7,0,2,1,1,6,2,0,True,False,True,False,True
24,3,61,4,2,7,1,2,1,7,5,6,0,True,True,True,False,False
20,6,86,1,5,4,1,7,1,6,5,5,0,True,True,False,False,True
21,5,97,7,1,8,1,4,1,2,6,7,0,False,True,False,False,False
21,6,52,3,3,9,3,8,0,1,2,3,0,True,True,False,True,False
21,8,89,7,9,6,0,5,0,9,8,7,1,False,False,False,False,False
23,8,65,5,2,5,5,11,2,4,5,4,1,False,True,True,False,True
20,3,74,1,6,4,0,5,0,7,2,8,1,True,False,True,False,False
19,6,74,7,1,4,4,9,0,3,3,9,2,False,True,False,False,True
24,2,44,1,5,4,5,4,2,4,6,5,0,False,False,False,False,True
19,3,89,9,8,8,0,5,1,4,6,4,0,False,False,True,False,True
22,1,87,2,2,5,5,10,0,6,4,2,1,True,True,False,False,True
21,4,87,4,8,4,5,9,0,4,3,1,1,False,True,False,False,False
20,7,72,8,4,4,2,2,0,3,9,3,0,True,False,True,False,False
24,1,68,8,4,9,2,5,1,1,3,7,1,False,True,True,False,True
19,1,69,7,9,5,1,7,2,7,1,6,2,True,False,True,False,False
22,6,91,6,7,7,6,6,0,7,4,1,1,False,True,True,True,False
23,2,69,1,2,7,3,1,2,2,9,5,0,False,False,True,False,False
22,8,97,8,6,8,3,1,0,8,9,4,0,False,False,False,False,True
24,5,98,5,4,5,1,4,0,4,3,8,1,True,True,True,True,False
19,4,79,6,2,8,5,4,1,9,2,6,1,False,False,False,True,False
20,7,54,2,3,5,6,5,2,7,9,2,0,True,True,False,False,False
24,7,47,8,2,9,4,4,1,4,9,4,0,False,False,False,False,False
24,1,57,5,1,9,3,4,1,3,6,9,0,True,False,True,False,True
23,2,71,3,9,6,7,2,0,2,7,7,1,False,False,True,True,False
22,3,99,1,6,5,1,6,1,9,6,6,0,False,False,True,False,False
21,2,82,5,2,8,1,9,1,5,9,7,0,False,True,True,False,False
19,2,95,9,3,8,5,9,1,1,7,5,1,True,True,True,True,False
20,8,70,6,1,8,3,7,1,3,3,6,1,False,True,False,True,False
24,5,43,9,9,6,6,7,0,1,1,5,2,True,False,False,False,False
23,3,50,8,1,8,2,1,1,9,7,7,0,True,False,True,True,False
23,6,95,5,2,8,2,3,2,2,8,3,0,False,True,False,False,True
24,0,86,3,5,6,6,6,1,7,7,6,1,True,False,False,False,True
21,6,42,1,3,9,5,9,0,9,6,4,0,True,True,False,False,False
20,0,88,1,3,5,5,7,0,1,3,8,1,False,True,False,False,False
24,9,70,6,8,8,6,11,1,2,2,6,2,False,True,True,True,False
20,4,76,6,7,6,5,7,0,7,5,1,1,True,False,True,False,False
19,1,91,1,8,6,4,8,1,1,2,7,1,False,True,True,True,False
20,8,66,7,6,8,0,8,2,9,8,8,1,True,True,True,False,False
19,3,83,4,7,5,5,9,0,6,8,2,1,False,True,True,False,True
21,4,95,5,5,4,7,9,0,6,1,7,2,False,True,True,True,False
22,0,58,3,9,6,5,2,1,6,1,7,1,False,True,True,False,True
22,0,53,6,9,8,1,3,1,1,7,7,0,True,False,True,False,False
20,4,41,9,4,8,2,10,1,2,8,1,0,False,False,True,False,True
23,4,97,9,8,7,3,2,1,8,8,4,1,True,True,False,True,False
22,3,75,8,9,5,6,11,1,1,5,9,2,False,False,False,False,False
23,8,85,2,7,5,5,8,1,5,1,9,2,True,True,True,False,False
22,7,43,3,3,7,6,2,0,3,9,9,0,True,True,True,False,True
20,3,56,6,1,9,7,11,0,5,3,4,1,True,False,False,False,True
24,3,93,2,1,6,4,6,2,1,1,9,1,True,True,True,False,True
24,6,94,4,4,8,0,5,1,9,7,1,0,True,True,False,False,False
24,7,51,6,8,6,3,11,2,9,8,3,1,False,False,True,False,True
19,9,85,4,3,5,5,8,2,5,3,8,1,False,True,False,False,True
23,7,69,5,4,4,5,6,1,4,6,5,1,False,False,True,False,True
19,0,70,2,8,4,7,11,1,1,1,7,2,True,True,False,False,True
22,9,97,1,6,5,0,10,1,2,6,3,0,False,True,False,False,True
19,6,84,9,1,4,6,2,0,7,6,8,1,True,False,True,False,True
21,4,97,6,4,8,3,8,1,6,2,6,1,False,False,False,False,False
21,0,62,9,9,7,3,7,1,4,1,1,2,False,True,False,False,True
21,7,59,8,8,8,0,5,0,9,2,7,1,False,False,True,True,False
21,0,74,8,8,6,2,10,2,4,3,6,2,False,False,False,False,True
19,2,64,6,3,4,1,2,2,8,4,7,0,False,True,True,False,True
21,3,78,2,7,6,2,9,0,5,7,7,1,True,False,True,True,False
21,8,82,9,7,5,1,6,0,5,7,1,0,True,False,True,True,False
19,7,68,4,2,6,0,8,1,2,9,3,0,False,True,True,True,False
22,2,83,1,4,9,4,8,0,9,1,5,0,True,True,True,False,False
19,3,86,2,1,4,1,9,0,3,9,5,0,True,True,False,True,False
23,0,87,7,7,9,5,3,0,9,7,3,0,False,True,False,False,False
21,0,82,9,9,5,5,3,2,1,3,2,1,False,False,False,False,False
24,9,55,4,7,4,4,7,1,6,2,2,1,False,False,False,False,False
21,3,59,1,5,6,5,2,2,9,7,6,0,False,True,False,False,False
24,0,97,8,2,5,2,7,0,7,6,9,1,False,True,False,False,True
19,1,81,8,5,5,0,3,1,2,1,6,1,False,True,False,True,False
20,4,81,3,8,6,4,1,1,4,1,3,1,True,False,False,True,False
21,7,94,4,2,8,0,10,1,6,9,6,0,True,True,True,False,False
21,3,46,1,3,5,0,1,1,4,2,4,0,False,True,True,False,False
19,7,63,2,6,9,3,11,1,4,2,3,1,True,False,False,False,False
24,9,64,9,8,6,6,11,0,7,7,9,2,False,False,True,True,False
24,8,94,5,3,8,0,1,0,9,8,2,0,False,False,True,True,False
19,5,91,4,5,7,2,11,1,4,6,5,1,True,True,True,False,False
21,5,46,4,8,4,6,4,0,9,6,2,1,False,False,False,False,False
22,9,48,4,5,5,0,6,1,4,1,6,1,False,True,False,False,True
24,6,90,4,5,4,4,6,0,8,3,8,1,True,True,False,True,False
22,6,80,5,5,7,7,1,0,3,1,5,1,False,False,False,True,False
21,2,82,5,3,8,4,2,1,6,1,1,0,False,False,True,False,False
24,4,94,6,5,9,4,11,0,3,1,2,1,False,False,False,False,False
20,0,83,2,5,7,0,11,2,6,1,1,0,False,True,True,True,False
20,5,67,6,5,6,0,7,1,1,4,8,1,False,False,False,False,True
19,3,45,2,7,9,7,6,0,3,1,4,1,True,False,False,True,False
19,3,97,6,7,4,7,9,0,3,5,4,2,False,False,False,True,False
21,0,74,7,5,8,6,9,0,4,6,6,1,True,False,True,False,False
21,5,41,2,6,5,2,11,0,3,8,3,1,True,False,False,False,True
22,5,43,3,9,9,0,1,0,1,4,1,0,True,False,False,True,False
24,6,57,9,4,6,0,3,2,7,7,3,0,False,True,False,True,False
23,8,67,4,2,9,7,10,1,2,4,3,1,False,True,False,True,False
21,7,68,2,5,7,7,3,0,9,2,5,1,False,True,True,True,False
24,3,64,3,3,4,2,11,0,7,9,7,1,False,True,False,True,False
22,2,70,2,6,8,7,11,1,3,1,1,1,False,False,True,True,False
20,6,73,1,4,8,7,8,1,1,1,4,1,True,True,True,True,False
19,0,66,9,5,9,2,4,0,7,1,3,1,False,True,False,False,False
21,1,83,3,6,9,7,5,0,4,2,2,1,True,False,False,False,False
23,1,82,2,1,8,3,4,1,8,5,7,0,False,False,False,False,False
21,8,75,1,1,7,7,4,1,4,8,5,0,False,False,False,False,True
23,0,76,1,9,6,3,3,1,8,6,8,1,True,True,False,True,False
20,0,44,2,4,8,2,4,2,2,5,5,0,True,True,False,False,True
19,7,73,7,2,5,7,10,2,2,2,9,2,False,True,False,False,True
21,5,82,4,8,9,1,7,2,8,2,2,0,True,False,True,False,False
20,0,48,6,5,6,3,8,1,3,1,4,1,False,True,False,False,True
22,5,40,5,9,8,1,9,1,4,8,7,1,False,False,True,True,False
22,3,64,5,7,5,6,10,1,2,5,3,1,True,False,True,False,True
24,2,80,1,5,5,1,8,1,5,2,4,0,False,True,True,False,True
21,5,75,5,9,8,4,9,1,2,1,7,2,False,False,True,False,False
21,3,74,8,2,4,7,1,1,4,2,7,1,False,False,True,True,False
21,6,43,7,7,5,0,4,1,9,2,9,1,True,True,True,False,False
24,1,55,5,2,8,4,9,1,1,2,9,1,False,False,False,True,False
24,6,89,9,9,7,3,5,1,3,2,1,1,False,True,False,True,False
19,6,70,5,7,5,0,11,1,3,4,2,1,False,False,True,False,True
23,0,42,7,1,7,1,10,1,5,3,9,1,False,False,True,True,False
23,2,56,6,3,6,0,11,1,5,2,4,1,False,False,True,False,True
21,1,66,6,1,4,3,2,0,5,4,2,0,True,True,False,True,False
19,8,56,8,6,5,1,9,0,4,1,1,1,False,True,False,False,False
23,2,76,1,1,8,3,1,1,1,9,5,0,True,True,True,False,False
24,8,66,2,6,6,6,2,1,1,2,9,1,False,False,False,False,False
20,9,89,7,3,8,1,9,2,2,9,7,0,True,True,True,False,False
22,9,91,2,9,6,3,2,0,4,3,1,0,False,False,False,False,True
20,7,73,4,8,6,3,4,0,5,1,3,1,False,False,False,False,True
24,6,92,4,3,8,1,1,2,8,7,3,0,False,True,False,True,False
22,3,69,2,8,5,7,2,2,4,8,6,0,False,True,True,True,False
20,8,50,3,2,6,3,1,1,3,3,9,0,True,True,True,True,False
20,4,79,3,9,8,6,9,1,5,9,4,1,False,False,True,True,False
20,9,74,5,7,9,3,6,1,7,4,2,0,True,True,True,False,True
19,0,76,6,4,5,5,11,1,4,2,9,2,True,True,False,False,False
19,8,54,2,9,6,2,10,0,9,1,1,1,True,False,True,True,False
24,4,88,6,7,6,7,1,1,5,6,3,0,True,True,True,True,False
20,5,98,6,5,6,7,3,0,9,4,3,1,True,True,False,False,False
20,0,87,8,6,7,3,9,1,6,2,5,2,True,True,False,True,False
23,5,75,4,4,9,6,2,0,3,2,8,1,False,False,False,False,False
24,2,49,5,2,9,2,8,0,9,1,4,1,True,False,False,False,True
21,2,59,6,2,8,3,6,2,2,2,1,0,False,True,False,False,True
23,3,71,9,8,7,0,6,0,9,9,3,0,False,False,False,False,False
22,5,98,3,2,8,4,4,1,2,4,9,0,True,False,False,False,False
24,3,61,6,7,7,7,8,1,6,6,7,1,False,True,True,False,True
24,7,63,3,5,4,4,9,1,7,3,8,1,True,False,True,False,False
19,1,67,9,4,5,2,5,1,4,6,4,1,True,True,False,False,False
22,7,40,2,8,9,4,10,0,2,4,4,1,True,False,True,True,False
22,6,61,3,4,8,2,4,1,7,2,7,0,True,False,False,True,False
20,9,46,3,6,8,3,6,0,3,7,8,1,False,True,False,False,True
22,9,74,4,5,5,4,3,1,7,6,9,1,False,False,True,False,True
21,5,54,5,9,9,3,5,0,7,2,8,1,True,False,False,False,False
24,5,79,3,7,7,1,1,0,3,2,1,0,True,True,True,True,False
23,7,41,1,7,8,0,7,0,9,5,8,0,True,True,False,False,False
20,8,45,4,7,9,2,9,1,9,6,8,1,False,True,True,True,False
24,5,43,3,2,4,5,1,2,3,2,5,0,False,False,True,True,False
24,1,99,7,8,6,3,3,2,9,9,5,0,True,False,True,True,False
23,7,89,6,9,9,3,10,0,5,8,3,1,True,True,True,False,False
22,6,42,1,2,5,2,10,0,5,9,8,0,True,False,True,False,False
22,4,64,5,2,6,3,10,0,9,6,7,1,True,True,True,False,False
21,6,46,4,5,8,1,2,1,8,6,2,0,True,False,True,False,False
19,0,96,4,3,7,5,7,2,1,4,4,1,True,False,False,False,False
24,0,69,9,2,7,4,2,2,5,5,6,1,False,False,False,True,False
20,0,51,6,8,9,0,3,1,5,9,8,0,True,True,True,False,False
19,3,40,6,9,4,2,2,0,5,9,8,1,True,True,False,False,False
23,8,54,6,7,5,7,10,1,6,3,9,2,False,False,True,False,True
23,3,62,5,4,8,7,1,0,5,3,1,0,False,False,False,True,False
24,9,57,1,6,6,2,2,1,3,4,5,0,True,True,True,False,False
23,8,76,3,4,5,7,3,2,4,6,5,0,False,True,True,False,True
22,3,52,8,3,6,7,5,0,9,3,2,1,False,False,False,True,False
20,5,58,6,8,5,6,9,0,7,2,8,2,False,True,True,True,False
20,5,76,7,2,7,6,3,0,8,9,5,0,True,False,False,False,True
19,3,55,9,7,9,3,5,0,4,1,1,1,True,True,False,False,True
21,3,45,3,7,7,5,3,1,1,8,9,1,False,False,False,False,False
21,6,96,1,3,7,0,4,1,2,1,1,0,True,True,False,True,False
23,0,91,8,8,7,6,3,1,8,3,9,2,True,True,False,True,False
20,0,63,7,4,7,5,7,2,5,4,7,1,False,True,False,False,True
23,3,53,2,2,6,6,8,1,7,2,8,1,True,True,True,False,True
20,8,47,6,7,8,4,8,0,5,8,8,1,False,True,True,True,False
24,6,64,7,9,9,7,6,1,2,8,2,1,False,True,False,False,True
22,5,60,2,2,6,1,8,0,1,9,5,0,False,True,False,False,True
23,5,60,3,6,8,2,3,0,4,8,3,0,False,False,True,False,False
24,2,66,1,7,8,5,11,1,3,4,1,1,False,False,True,False,False
23,8,83,7,5,9,4,8,1,1,2,1,1,True,False,False,True,False
22,0,77,3,9,4,1,2,1,8,5,6,1,False,True,False,True,False
22,5,66,1,6,9,1,7,2,1,4,2,0,False,False,True,True,False
21,1,89,7,8,8,6,11,0,3,2,9,2,False,True,False,True,False
23,8,75,3,8,5,3,5,2,9,9,4,0,False,False,False,True,False
23,5,77,9,3,5,5,3,0,9,6,4,1,True,True,True,False,False
23,5,79,2,7,6,0,5,1,8,4,3,0,True,True,False,True,False
20,0,81,4,3,7,5,9,0,3,1,1,1,True,False,False,False,True
21,6,89,5,6,5,7,6,1,6,8,8,1,False,True,False,True,False
24,2,94,8,8,6,2,2,1,3,1,7,1,True,False,True,False,True
24,8,44,1,7,8,7,6,0,4,9,9,1,False,False,True,True,False
21,4,42,5,5,8,3,11,0,8,5,2,1,False,True,True,True,False
22,1,92,1,4,5,6,11,1,8,7,9,1,False,False,True,False,True
20,3,86,9,1,8,5,5,1,5,1,9,1,True,True,True,False,True
24,9,44,7,8,8,2,2,0,9,3,8,1,False,False,False,True,False
20,6,65,7,2,7,2,6,1,7,7,1,0,False,True,False,False,True
23,2,54,4,6,5,5,3,1,4,7,9,1,False,False,False,False,False
22,1,70,8,5,9,6,1,2,6,6,2,0,True,False,True,True,False
23,6,40,5,1,7,0,1,1,4,5,7,0,True,True,False,False,False
23,2,72,5,4,8,0,11,1,9,4,8,1,False,True,False,False,True
22,4,89,9,3,5,4,8,1,7,6,5,1,True,False,True,True,False
24,2,57,3,1,4,7,3,1,7,3,7,1,True,True,False,False,False
22,4,58,4,6,7,6,8,1,8,5,6,1,True,True,False,False,False
23,4,45,1,1,7,0,6,1,9,9,9,0,True,False,False,False,False
22,6,64,1,3,4,4,5,0,1,2,8,1,True,True,False,False,True
23,2,93,7,4,7,7,3,0,8,6,3,1,False,False,False,False,True
22,1,96,5,6,5,6,8,0,9,5,3,1,False,False,True,True,False
22,4,56,8,7,9,4,4,0,6,9,1,0,True,False,False,True,False
24,1,59,6,9,5,1,10,1,5,1,7,2,False,False,True,False,False
20,3,86,9,6,4,1,6,1,2,8,8,1,False,False,False,False,True
20,4,90,9,1,7,5,5,1,3,1,5,1,False,False,False,False,True
24,8,54,8,3,9,2,4,0,4,7,1,0,True,False,True,False,True
23,2,54,8,4,8,4,8,0,6,9,3,0,False,True,False,False,False
22,9,70,6,2,9,0,2,1,3,3,2,0,False,False,True,False,True
20,4,92,9,7,5,1,3,2,8,4,3,1,True,True,False,True,False
20,9,49,5,9,7,5,4,1,8,4,1,1,False,True,True,False,True
19,2,80,9,4,6,5,4,0,5,9,5,1,False,False,False,True,False
24,5,82,6,9,5,4,8,2,8,7,8,2,False,True,True,True,False
21,8,78,7,8,9,7,8,2,8,7,5,1,False,False,True,True,False
21,7,97,2,7,6,3,8,0,6,1,2,1,True,False,False,False,True
21,8,44,2,5,4,0,8,1,4,8,9,0,False,False,True,False,True
22,3,66,6,5,9,1,4,1,6,4,8,0,False,False,True,False,False
23,6,86,7,8,8,1,10,2,9,6,9,2,True,True,False,False,True
24,3,88,1,4,5,3,5,1,8,2,5,0,True,False,True,True,False
24,7,65,2,1,8,4,8,1,6,9,8,0,False,True,False,True,False
24,9,66,7,3,4,6,2,0,6,3,2,1,True,False,True,False,False
19,0,72,7,3,7,2,9,0,3,3,7,1,False,False,True,False,True
20,9,74,2,4,6,6,6,0,2,7,6,0,False,True,True,False,False
24,5,99,9,8,9,7,5,0,7,9,2,1,False,False,True,False,False
21,7,67,8,6,6,6,9,1,5,2,5,2,False,True,True,False,False
19,9,88,1,2,9,7,3,0,8,4,3,0,True,False,False,True,False
19,2,43,8,7,4,1,6,0,9,7,7,1,True,False,True,False,False
20,6,41,9,3,9,7,1,1,8,7,6,0,True,True,True,True,False
22,7,66,3,1,4,1,2,1,9,9,1,0,False,False,True,False,False
21,7,70,7,1,5,2,5,1,6,6,3,0,True,True,False,False,False
22,0,68,6,7,6,4,2,1,9,2,7,1,True,True,True,False,True
21,4,77,6,4,6,5,4,1,2,9,2,0,True,True,True,False,False
24,7,41,1,2,7,1,3,0,6,9,8,0,False,True,True,False,False
23,1,56,3,6,5,0,5,0,2,3,9,1,True,True,False,False,False
24,6,41,6,6,8,4,4,0,5,4,3,0,False,False,True,False,True
23,6,94,3,1,6,4,5,1,2,3,5,0,True,True,False,True,False
20,5,91,2,1,7,7,6,0,8,5,1,0,True,False,False,False,True
21,3,68,1,3,4,6,11,1,7,1,2,1,True,True,False,False,True
23,1,83,3,3,4,3,9,1,8,1,1,1,False,True,True,True,False
19,4,66,2,4,6,4,3,0,4,8,3,0,False,True,False,True,False
21,3,66,8,9,4,1,5,1,4,9,3,1,False,True,True,False,True
23,5,45,2,9,5,4,6,1,3,8,6,1,True,False,False,False,True
19,1,77,1,8,7,3,10,0,8,5,8,1,True,True,True,False,False
21,6,48,2,9,5,7,5,1,6,5,2,1,True,False,True,False,True
23,5,46,9,7,5,2,1,2,5,9,1,0,False,False,False,True,False
22,1,56,2,3,9,7,11,1,3,8,9,1,False,True,True,False,True
24,9,77,9,7,4,4,7,0,6,4,1,1,False,False,True,False,True
21,9,41,7,4,6,1,10,0,6,4,3,1,True,False,True,False,False
24,4,49,9,1,8,6,9,1,6,9,3,1,False,False,False,True,False
22,0,55,2,4,9,0,2,2,1,4,6,0,False,False,True,False,True
20,1,69,5,6,7,0,6,1,5,9,3,0,True,True,False,False,True
24,7,79,4,7,7,1,5,1,5,2,9,1,False,False,True,True,False
22,0,54,9,1,5,3,7,0,1,2,4,1,False,False,False,False,False
22,3,48,6,4,7,3,8,1,3,3,6,1,False,False,False,True,False
21,2,63,2,6,9,6,9,1,4,7,2,0,True,True,True,True,False
21,1,72,7,4,6,3,8,1,1,3,8,2,False,True,False,True,False
22,4,79,3,1,6,4,10,1,2,3,1,0,True,False,False,False,True
20,6,53,9,7,7,2,4,1,8,4,9,1,False,False,False,False,True
21,0,47,2,1,5,2,1,2,4,8,1,0,True,False,True,True,False
20,7,85,6,8,5,6,1,1,1,9,8,1,True,True,False,False,False
20,4,87,3,6,9,5,5,1,5,8,8,0,True,False,False,True,False
22,6,89,5,1,7,2,1,1,1,2,6,0,False,False,False,True,False
20,8,98,7,6,6,4,1,1,1,3,4,1,True,True,False,True,False
23,1,58,6,9,5,7,4,1,4,7,5,1,False,True,True,True,False
22,0,61,4,1,5,6,1,2,4,2,2,0,False,False,True,False,True
22,9,46,7,9,4,0,5,2,4,7,3,1,True,False,False,False,False
23,4,87,3,5,4,2,6,0,2,3,2,0,True,True,True,False,False
23,5,51,1,6,4,1,1,0,9,6,6,0,True,True,False,True,False
22,6,86,8,5,9,7,2,0,3,4,5,1,False,True,False,False,True
24,6,56,2,1,5,4,7,0,7,3,6,0,True,False,True,True,False
20,6,88,6,4,6,6,6,0,1,1,3,1,True,False,False,False,True
21,7,40,5,2,7,1,3,1,1,7,3,0,False,False,False,True,False
20,8,54,3,1,7,5,5,0,8,9,3,0,False,True,False,False,True
21,2,46,9,6,5,0,1,0,6,8,2,0,True,False,False,False,True
19,4,95,9,5,9,6,2,1,2,2,1,0,False,True,True,False,True
22,9,42,5,1,4,5,8,0,9,9,2,0,False,True,False,False,True
22,9,98,7,4,9,5,3,1,5,5,1,0,False,False,False,False,False
19,5,80,8,8,5,0,2,1,9,1,7,1,True,True,True,False,True
20,7,44,3,7,9,2,8,0,2,2,7,1,True,True,False,False,True
19,7,72,1,5,4,6,11,1,3,9,6,1,False,True,False,True,False
21,6,68,7,3,4,2,6,2,8,6,9,1,True,True,False,False,False
23,0,99,4,5,7,0,4,1,1,2,4,0,False,True,False,False,True
23,7,63,7,4,6,4,10,1,3,8,8,1,True,True,True,False,True
19,1,98,8,9,9,3,5,1,5,8,6,1,False,False,False,True,False
22,7,53,4,2,8,2,10,1,2,4,6,1,False,False,False,False,False
20,6,95,2,1,7,6,4,1,8,6,8,0,False,True,True,True,False
20,3,69,7,6,7,2,11,0,6,6,3,1,False,False,False,True,False
24,0,77,5,3,6,5,3,0,5,9,2,0,False,False,False,False,False
24,0,45,7,3,5,0,11,0,3,6,9,1,False,False,False,True,False
23,9,71,5,3,7,0,3,1,9,7,9,0,False,True,True,False,True
22,0,88,3,7,6,0,2,1,4,5,1,0,False,False,True,True,False
22,4,99,2,2,5,1,3,2,6,7,8,0,True,False,True,True,False
21,9,41,5,8,4,5,4,1,1,2,3,1,False,False,False,False,True
19,2,87,4,2,5,0,4,0,8,9,1,0,True,True,True,False,True
21,3,40,7,8,8,7,5,0,2,4,4,1,False,True,True,False,True
24,6,76,9,3,4,6,4,1,5,1,5,1,True,False,True,False,True
22,8,76,3,5,6,5,6,0,3,1,4,1,False,True,False,True,False
23,6,78,2,7,6,6,2,2,5,9,9,1,True,False,False,False,False
20,8,88,7,8,9,6,10,1,2,8,4,1,False,False,True,False,True
22,0,73,4,8,8,6,5,0,8,4,1,0,True,True,True,False,False
20,8,70,3,8,7,2,6,2,5,9,9,0,False,False,True,False,False
20,1,40,7,5,7,6,3,0,4,1,1,1,True,True,False,True,False
23,1,52,9,1,7,5,2,0,2,9,3,0,True,True,True,False,False
24,3,80,2,1,4,3,8,0,2,7,6,0,False,True,True,False,True
19,1,85,3,6,9,4,2,2,8,8,6,0,False,True,True,False,False
23,4,48,8,1,6,2,4,1,2,6,5,0,False,False,False,True,False
24,8,48,2,7,9,5,6,1,6,5,1,0,True,False,False,False,False
22,0,90,8,2,6,6,5,0,8,8,5,0,False,False,True,True,False
22,2,59,5,5,5,6,3,0,6,3,4,1,True,True,True,False,True
21,4,80,8,5,7,3,4,2,1,9,4,0,False,True,False,False,True
20,4,81,7,6,4,0,9,1,3,2,9,2,False,True,True,False,True
24,0,85,2,6,4,5,4,0,4,1,4,1,True,False,True,True,False
19,0,87,1,9,8,5,8,2,6,9,6,1,True,True,False,False,True
21,5,80,9,5,6,0,11,0,3,4,8,2,True,False,False,False,True
24,2,66,6,3,6,5,10,0,8,7,7,1,False,True,True,True,False
19,6,63,1,6,7,7,10,0,7,4,3,1,False,False,True,True,False
23,0,52,4,9,5,2,10,2,1,1,7,2,True,False,True,False,True
24,4,46,2,8,9,2,1,2,6,6,1,0,False,False,False,False,False
22,1,75,5,6,9,6,5,2,9,5,3,1,True,True,False,False,False
24,7,99,1,7,7,2,5,2,1,6,8,0,False,True,False,False,True
24,3,71,7,2,9,6,5,0,9,9,5,0,True,False,False,True,False
19,9,99,9,6,9,5,3,1,9,2,7,1,False,True,False,False,False
20,1,50,8,4,9,0,5,1,9,3,7,1,True,False,False,False,True
22,1,71,7,3,5,7,10,2,7,2,3,2,True,False,False,True,False
23,0,88,8,5,4,4,8,1,7,9,2,1,True,True,False,False,True
20,3,56,3,1,6,2,1,2,9,3,9,0,True,False,True,True,False
24,4,62,5,7,5,1,8,1,5,3,2,1,True,False,False,False,False
24,8,45,7,2,9,0,4,0,9,9,2,0,False,False,False,False,False
22,3,71,3,4,8,7,5,2,6,3,4,0,True,True,True,True,False
22,9,97,1,1,6,0,4,0,9,6,3,0,False,True,True,True,False
22,3,68,4,9,8,4,3,0,1,7,8,1,True,False,False,False,False
23,4,41,9,8,6,4,10,0,4,6,3,1,False,True,True,False,False
21,5,41,9,8,9,1,7,1,1,1,6,2,False,True,False,False,False
22,4,54,1,7,9,7,9,2,6,1,9,2,True,False,False,False,True
20,7,57,7,8,4,7,1,0,5,1,4,2,False,True,False,False,False
20,1,93,5,6,5,4,10,1,3,8,6,1,True,True,False,True,False
22,3,50,6,5,8,7,5,1,2,5,9,1,False,False,False,False,False
21,3,59,4,7,6,7,3,1,3,3,6,1,True,True,False,False,True
24,3,94,9,3,4,0,3,0,3,9,7,0,True,False,True,False,False
19,3,75,6,6,4,1,1,1,2,8,5,0,False,True,True,False,True
22,3,73,5,4,8,5,8,0,9,5,9,1,True,False,False,True,False
19,8,77,7,4,9,6,7,1,3,8,2,0,True,False,False,False,False
19,9,76,3,9,7,7,7,0,3,5,7,2,False,True,False,False,False
22,4,64,7,3,9,5,1,1,4,1,7,1,True,True,False,False,True
21,4,47,2,2,9,7,1,1,1,6,5,0,True,False,False,True,False
22,8,71,6,5,9,5,1,2,8,5,4,0,True,True,False,False,False
21,8,65,2,1,9,4,5,2,6,9,6,0,False,True,True,True,False
19,1,47,1,2,5,7,8,0,8,3,1,0,True,False,True,False,False
23,5,54,8,9,8,5,7,0,8,9,6,1,True,False,True,False,True
19,3,90,7,8,4,7,8,1,1,4,3,2,True,True,True,True,False
21,9,77,1,9,5,3,3,1,5,2,1,0,True,True,False,False,False
22,4,78,4,1,4,2,6,1,3,7,9,0,True,True,True,True,False
24,0,75,5,5,9,2,2,2,5,9,3,0,True,True,True,False,True
23,9,64,7,2,8,5,4,0,3,7,4,0,False,False,False,False,False
21,6,62,3,6,9,5,4,2,1,4,7,0,False,False,True,False,False
20,9,45,5,8,4,2,3,2,7,4,1,0,False,True,True,True,False
21,8,79,9,9,7,0,4,1,7,4,4,1,False,True,True,False,True
24,9,40,1,5,4,7,4,1,8,8,9,1,False,False,False,False,False
24,8,78,2,7,5,5,9,0,4,2,2,1,False,True,False,False,True
22,8,76,2,2,7,2,10,1,7,4,1,0,True,False,True,False,False
23,4,49,9,4,4,6,2,2,9,2,9,2,False,False,False,False,True
19,0,73,8,9,8,7,3,2,9,5,2,1,True,False,False,False,False
24,2,98,1,8,7,3,9,2,8,7,4,0,False,False,True,False,True
19,6,59,3,1,7,6,5,1,9,2,8,1,True,False,False,False,True
21,5,60,4,6,7,3,5,1,5,5,6,1,True,True,False,False,True
22,9,50,5,4,8,0,11,1,6,3,5,1,True,True,True,False,False
21,2,66,4,3,8,2,2,0,6,5,7,0,True,False,True,False,False
20,7,48,6,4,7,7,3,1,9,8,7,0,False,False,True,True,False
22,9,55,8,9,6,2,4,1,7,9,2,0,False,True,True,True,False
20,2,92,4,8,7,5,10,1,5,2,1,1,True,False,False,False,True
23,5,60,7,1,6,6,2,1,3,3,4,1,False,False,False,False,False
19,1,82,5,8,5,7,5,0,3,9,8,1,True,True,False,False,True
20,2,85,4,2,5,7,3,1,2,6,8,1,False,True,False,True,False
20,7,54,5,1,5,0,8,2,1,5,2,0,False,False,True,True,False
20,2,49,8,2,7,5,1,1,7,9,3,0,False,False,False,False,True
22,3,58,7,4,5,5,1,2,4,3,3,0,False,False,True,False,True
22,1,52,3,4,4,7,1,2,9,9,5,0,False,True,True,False,True
20,9,94,5,3,4,6,2,1,7,1,9,1,True,True,True,False,True
22,6,83,9,3,7,2,9,0,4,6,2,1,False,False,False,True,False
24,9,60,9,3,5,4,4,1,2,8,8,1,False,True,True,False,True
21,7,89,8,8,5,6,7,1,5,5,8,2,False,False,True,False,True
20,8,46,1,9,4,1,1,2,5,3,1,0,True,False,True,False,False
22,0,88,6,4,6,6,7,1,8,9,5,1,False,False,False,True,False
19,9,61,7,7,5,4,10,1,3,8,9,2,False,False,True,False,True
22,1,40,2,9,7,4,4,0,3,3,1,0,True,True,False,False,True
24,4,55,1,6,9,2,1,1,4,9,1,0,True,True,False,False,True
21,9,48,5,1,6,0,2,1,3,3,6,0,True,False,False,False,True
20,6,48,6,5,5,2,5,1,2,2,1,1,True,True,False,True,False
24,6,73,5,7,5,5,3,0,4,7,1,0,False,True,False,False,True
19,6,83,7,8,8,6,10,0,8,1,7,2,False,False,True,True,False
22,1,88,5,1,9,1,8,1,6,3,1,0,False,False,False,True,False
24,0,45,1,3,6,5,5,2,6,4,3,0,True,False,False,False,False
24,9,70,2,5,9,5,10,1,3,5,3,1,False,True,False,True,False
19,9,66,4,1,9,5,3,1,7,8,4,0,True,False,True,False,True
21,0,99,5,6,5,2,7,1,3,4,3,1,True,True,False,False,False
24,7,45,8,2,6,5,4,1,5,7,9,1,True,False,True,True,False
22,9,68,6,4,7,0,7,2,2,4,4,0,False,False,False,False,True
22,6,51,9,1,7,7,7,1,7,9,8,1,True,False,True,False,False
21,1,84,5,1,7,1,11,0,3,5,2,0,False,False,True,True,False
19,6,52,4,8,9,7,1,1,9,5,6,0,False,True,True,False,False
22,2,50,6,8,5,0,3,0,9,7,6,0,True,False,True,False,False
21,7,47,2,6,7,3,4,2,7,7,2,0,True,True,True,True,False
19,2,49,8,9,6,0,7,1,9,6,1,1,True,True,False,False,True
19,3,80,4,9,4,3,3,0,1,2,8,2,False,False,False,False,True
23,9,93,9,9,6,7,2,1,1,2,8,2,True,False,True,False,True
23,0,99,5,7,6,4,9,0,3,1,7,2,True,False,True,False,True
22,0,82,9,4,6,0,3,1,4,2,8,1,True,True,False,False,False
20,5,60,4,1,5,7,8,1,6,2,5,1,False,True,False,True,False
24,3,42,9,9,5,0,5,0,8,7,2,1,True,False,False,False,False
24,9,58,8,9,7,3,2,0,1,4,8,1,True,False,False,False,True
22,7,77,5,5,5,3,10,1,2,6,9,2,False,False,False,False,True
19,0,41,5,9,5,5,11,1,9,7,5,2,True,False,True,False,False
21,6,70,7,1,4,1,9,0,4,8,3,0,True,False,True,False,True
24,7,47,1,7,9,4,2,1,4,1,1,0,False,True,False,False,False
24,3,82,4,6,4,1,6,0,7,4,8,1,False,True,False,True,False
23,3,40,3,8,5,1,1,0,3,9,1,0,True,False,True,False,True
20,6,41,1,5,7,2,1,2,1,8,9,0,False,True,False,False,False
21,6,82,4,5,5,2,1,2,1,7,8,0,False,False,True,False,True
20,5,84,3,6,9,1,4,0,3,7,3,0,True,False,True,False,False
19,5,90,2,9,9,5,4,2,5,2,5,1,True,True,True,True,False
21,0,55,2,6,9,2,9,2,1,8,3,0,True,True,True,False,True
20,4,94,2,7,5,1,9,1,8,8,7,1,True,True,False,False,False
21,6,91,3,1,7,0,6,0,7,6,7,0,False,True,False,False,True
23,7,40,3,7,9,6,9,1,2,8,8,1,False,False,True,False,False
22,2,67,6,7,7,2,7,1,9,4,6,1,True,False,False,True,False
23,3,50,1,8,5,5,10,0,8,8,3,1,False,False,False,False,False
24,3,46,8,4,4,7,6,2,5,4,8,2,True,True,False,True,False
23,1,44,7,7,8,1,10,1,5,4,1,1,False,False,True,True,False
20,0,50,2,4,6,3,9,1,5,4,4,1,True,False,False,False,False
20,7,93,9,6,7,0,8,0,3,5,9,1,False,True,False,True,False
23,9,57,1,8,8,2,5,0,2,7,5,0,False,False,False,False,False
24,6,46,3,4,6,5,10,0,1,4,3,1,False,False,False,False,False
21,0,96,3,8,8,1,4,0,8,2,8,1,True,False,True,False,True
21,9,52,4,5,5,7,8,1,9,5,3,1,False,True,False,True,False
21,4,93,2,3,7,1,5,1,4,6,8,0,True,True,True,False,True
21,9,62,9,2,6,5,10,0,4,7,9,2,False,True,False,True,False
22,2,81,7,5,4,3,10,2,7,7,5,1,True,True,False,False,False
22,5,73,1,4,7,7,1,0,9,3,6,0,False,False,False,False,False
23,4,67,4,8,6,4,10,0,7,5,3,1,True,False,False,False,False
23,2,56,5,1,8,0,7,2,7,5,3,0,False,False,True,True,False
21,0,40,8,6,9,3,5,0,2,7,2,0,True,False,True,False,False
20,2,45,2,8,8,4,4,0,6,1,7,1,True,True,True,False,False
22,3,82,5,7,8,0,8,0,2,1,6,1,False,False,False,True,False
19,6,70,9,5,4,7,4,1,6,9,7,1,True,False,False,False,False
24,3,63,2,6,7,6,4,0,8,6,3,0,True,False,True,True,False
22,5,72,9,3,7,3,6,1,1,5,3,0,True,True,True,False,True
20,1,51,8,5,6,4,7,1,1,6,7,1,False,False,False,False,True
21,6,55,6,2,8,6,5,1,6,2,3,0,False,False,True,False,True
20,6,52,1,8,7,7,11,2,8,5,9,2,False,False,False,False,False
19,4,80,4,5,7,0,6,1,9,9,3,0,True,True,False,False,False
23,4,68,9,7,6,6,3,2,9,4,1,1,False,False,True,True,False
21,6,40,7,3,8,3,9,0,1,8,7,1,False,False,True,True,False
22,2,72,1,8,9,1,7,2,4,2,8,1,True,False,True,True,False
24,0,87,3,4,7,6,3,0,8,5,5,0,False,True,True,True,False
21,3,74,7,6,9,0,8,1,7,8,9,1,False,False,True,False,True
24,6,72,7,5,7,6,1,0,3,7,2,0,False,False,True,True,False
19,0,53,7,1,6,7,7,0,6,8,8,1,True,False,True,False,False
22,4,75,9,9,6,6,11,2,7,8,5,2,True,False,False,False,False
22,8,54,6,7,4,1,3,1,9,1,8,1,True,True,True,True,False
20,9,41,6,1,9,4,2,1,6,5,8,0,False,False,False,True,False
19,1,57,7,3,4,6,2,1,5,4,4,1,False,True,True,False,False
21,5,94,9,1,9,3,8,1,4,9,2,0,True,False,False,False,False
21,5,84,1,1,7,7,11,1,4,2,3,1,False,False,False,False,False
19,5,76,1,8,8,0,1,0,4,1,1,0,True,True,False,False,True
20,5,53,5,6,7,3,7,1,3,5,5,1,True,False,False,False,True
24,1,51,2,7,7,7,11,0,4,8,6,1,True,False,True,True,False
24,4,97,7,5,6,0,6,1,3,3,7,1,False,False,True,False,True
23,6,85,7,1,8,7,3,2,2,7,3,0,False,True,False,True,False
19,3,40,9,8,7,4,8,1,7,2,8,2,False,True,True,False,False
24,6,95,4,5,4,5,6,0,6,1,9,2,False,True,True,False,True
21,1,52,4,2,6,5,11,1,1,8,2,0,False,False,False,False,True
23,6,67,4,5,9,5,1,2,8,2,2,0,True,True,True,True,False
24,5,61,1,9,9,2,5,2,1,7,2,0,False,False,True,True,False
24,7,57,2,8,7,2,10,1,9,1,8,1,True,False,True,True,False
23,8,98,5,7,8,2,6,1,2,4,4,0,True,True,True,False,True
21,0,84,5,2,6,5,7,0,4,6,9,1,False,True,False,True,False
20,7,73,7,5,9,5,9,2,2,1,3,1,True,False,True,True,False
21,9,70,1,2,4,5,8,1,9,2,8,1,False,True,False,True,False
23,3,75,6,4,8,7,1,0,4,1,7,1,False,True,False,False,False
20,8,63,3,6,5,0,2,2,9,7,8,0,True,False,True,False,False
23,8,54,1,1,4,5,5,2,1,2,5,0,False,False,True,True,False
21,7,58,5,8,8,2,5,0,8,3,8,1,True,True,False,False,True
20,0,79,9,7,4,6,1,0,9,4,8,2,True,True,False,True,False
22,9,47,1,9,7,6,8,0,7,8,8,1,False,False,False,False,False
20,5,82,9,2,9,7,11,0,3,2,9,2,False,False,True,False,True
23,6,58,3,9,4,3,9,1,5,7,5,1,False,True,False,True,False
23,5,56,7,2,6,4,5,1,3,5,4,1,True,True,False,False,True
23,4,56,6,6,4,3,9,0,2,2,8,2,False,True,False,True,False
19,6,48,6,4,6,5,7,1,7,6,5,1,False,True,True,False,True
23,5,62,7,3,8,3,9,2,9,2,5,1,True,True,True,False,False
24,8,76,9,6,5,1,2,1,6,6,9,1,True,False,False,False,False
22,1,85,7,9,5,5,2,0,3,1,5,2,False,True,False,False,False
20,1,90,3,4,5,3,8,1,8,8,1,0,True,True,True,True,False
20,9,44,9,2,9,3,4,0,8,5,2,0,False,False,False,True,False
22,2,98,1,5,7,3,1,2,8,9,8,0,False,False,False,False,True
22,2,92,2,9,5,5,7,1,4,4,1,1,False,True,False,False,False
24,3,92,9,9,8,4,2,1,9,2,9,2,False,True,False,True,False
24,4,65,8,6,5,3,7,0,5,6,5,1,False,False,False,True,False
19,5,46,5,4,6,5,3,0,9,9,4,0,True,False,False,False,True
21,7,45,6,2,8,2,5,2,6,8,3,0,True,False,False,False,False
23,2,90,5,1,7,5,5,0,2,9,4,0,False,True,True,True,False
22,7,86,9,4,5,3,9,1,3,5,2,1,True,True,False,True,False
24,8,53,1,7,9,3,10,1,6,8,8,0,True,False,True,False,True
22,2,77,1,7,5,0,6,1,5,9,1,0,True,True,False,True,False
23,5,41,6,5,4,4,7,1,6,7,9,1,True,True,False,True,False
21,6,94,5,1,8,7,9,2,5,9,5,0,True,True,False,True,False
23,3,72,6,6,4,2,5,2,4,6,8,1,False,True,False,True,False
21,1,51,1,3,6,2,4,0,3,3,3,0,True,True,False,False,False
22,5,77,5,4,8,3,1,1,7,4,6,0,True,False,False,True,False
22,0,58,5,4,4,2,9,0,8,7,8,1,False,False,False,True,False
20,9,75,2,7,9,7,2,1,2,8,3,0,True,False,False,False,False
21,4,60,9,5,8,6,8,0,7,9,9,1,True,True,True,False,False
19,4,74,1,2,9,7,6,1,2,2,5,0,False,True,True,False,False
21,8,72,3,7,5,7,7,0,6,2,8,2,True,True,True,False,False
21,2,69,8,4,9,5,1,0,8,3,3,0,False,False,False,False,False
21,4,98,1,1,7,2,5,2,9,8,6,0,False,False,False,False,True
20,1,75,4,6,8,3,7,1,1,9,4,0,False,False,True,True,False
23,2,41,6,1,4,0,4,1,4,9,1,0,True,False,True,True,False
20,9,71,7,1,8,3,3,0,8,2,8,1,False,False,False,False,False
22,9,76,7,1,9,7,9,1,3,9,8,1,False,True,False,False,True
19,4,80,2,1,6,4,9,0,6,6,7,0,True,False,True,False,True
21,3,49,9,3,8,0,5,1,7,1,1,0,True,False,True,False,False
23,0,40,5,5,4,5,1,1,2,6,9,1,False,True,True,False,False
24,5,89,4,9,4,2,1,2,6,7,6,0,False,True,True,False,True
24,0,77,1,3,9,5,10,2,2,3,3,0,True,False,True,False,True
20,9,92,5,5,4,7,4,0,2,2,2,1,False,True,True,False,True
22,1,49,7,2,7,3,5,2,4,8,4,0,False,True,True,False,False
20,3,94,7,6,5,5,7,1,5,6,2,1,True,True,False,False,True
22,8,78,5,6,8,7,5,0,2,4,6,1,True,True,True,False,True
22,4,83,7,9,4,3,6,1,8,4,8,2,False,True,True,False,False
20,9,67,1,9,5,0,10,0,9,9,5,0,True,False,True,False,False
22,9,70,5,6,7,5,5,1,2,4,4,1,False,False,True,False,False
19,0,45,1,7,7,4,9,2,6,6,3,1,True,True,False,True,False
19,1,60,4,3,4,2,2,0,1,5,1,0,False,True,True,True,False
20,4,83,3,8,5,1,9,1,5,9,8,1,True,True,True,True,False
23,0,43,4,2,4,2,1,0,4,2,8,1,True,True,False,False,False
19,3,65,8,1,8,0,11,0,9,7,5,0,True,True,True,False,True
23,7,79,3,1,8,3,6,0,4,4,3,0,True,True,True,False,True
19,5,49,6,3,4,6,11,2,4,3,5,2,False,False,False,False,True
24,6,40,4,7,6,2,7,0,8,1,4,1,True,True,True,True,False
20,4,95,4,2,9,6,8,0,8,5,3,0,True,False,True,False,True
19,3,84,9,2,8,6,6,1,3,7,3,1,True,False,False,True,False
23,8,94,6,7,5,7,11,0,6,2,7,2,False,True,True,False,False
20,1,56,7,3,4,1,10,1,6,8,4,1,True,True,False,True,False
19,3,48,4,2,8,6,8,1,7,5,7,1,True,False,True,False,True
23,1,88,8,3,9,4,3,0,2,1,6,1,False,True,False,False,True
20,7,68,5,8,4,0,3,1,9,4,3,0,False,True,True,True,False
20,0,63,3,6,4,0,3,2,2,6,2,0,True,False,False,True,False
24,2,69,3,9,4,0,8,0,1,7,2,0,False,False,True,False,True
21,8,89,8,2,5,4,6,0,4,1,9,2,True,True,True,False,False
20,5,46,4,2,8,7,6,1,8,4,9,1,True,False,True,False,False
20,5,94,4,6,8,5,11,1,3,3,9,2,False,False,True,False,False
22,8,66,9,9,4,2,4,0,2,9,6,1,True,False,False,False,False
20,8,56,1,2,6,1,9,0,1,1,4,0,True,False,False,True,False
21,8,90,4,8,9,2,8,1,6,6,1,0,True,False,True,False,True
21,8,97,7,7,5,4,2,0,3,3,1,1,False,False,True,False,True
23,9,47,4,4,4,3,4,0,6,4,5,0,False,False,True,False,True
21,9,78,7,6,8,4,8,0,2,4,1,1,True,True,False,False,False
24,5,45,8,4,6,3,9,0,5,2,4,1,False,True,False,True,False
23,9,73,2,6,7,3,5,1,5,8,4,0,False,False,False,True,False
21,9,46,9,2,6,2,11,1,3,4,3,1,True,True,True,False,True
21,7,90,2,8,9,1,2,0,9,7,3,0,True,False,True,False,True
19,8,56,5,2,4,2,7,0,9,1,1,1,False,True,False,True,False
22,7,70,8,8,5,0,3,0,4,7,7,1,True,True,True,False,False
19,8,69,7,2,8,4,6,1,3,1,2,1,True,True,False,False,False
24,5,50,7,5,8,2,1,0,5,4,7,0,True,True,True,True,False
23,4,93,9,3,9,6,7,0,9,8,6,1,False,True,False,False,False
21,5,78,5,1,5,0,5,0,7,7,7,0,False,True,False,False,True
24,6,86,7,6,4,1,6,1,6,9,6,1,False,True,False,True,False
24,3,67,6,5,9,1,9,0,8,8,2,0,False,True,False,False,True
23,0,69,4,8,7,5,1,0,1,5,7,1,True,False,True,False,True
20,8,89,9,5,8,1,6,1,2,9,4,0,False,True,False,True,False
24,4,46,2,4,9,2,9,1,4,4,3,0,True,True,True,False,False
24,4,82,8,9,6,0,11,0,5,8,6,1,True,False,False,False,True
19,0,56,1,3,9,2,7,0,3,2,5,0,True,True,False,True,False
21,8,44,8,4,4,3,7,0,4,3,3,1,False,True,False,False,False
19,2,56,3,3,8,6,9,1,6,7,4,0,False,False,True,True,False
19,8,78,6,5,7,6,7,1,3,3,3,1,True,False,False,True,False
22,9,80,5,1,4,4,5,2,5,8,4,0,False,False,False,False,False
19,9,79,3,1,6,7,2,1,1,8,7,0,True,False,True,False,False
20,7,44,8,1,7,5,4,2,9,9,2,0,True,True,True,False,True
22,7,76,4,8,8,4,10,0,8,1,6,2,False,True,True,False,True
19,5,87,3,1,5,3,11,2,2,3,1,0,False,False,True,False,True
20,6,41,9,5,9,5,1,1,3,8,3,0,False,True,True,False,False
21,5,65,8,1,8,5,9,1,2,3,4,1,False,True,False,False,True
24,2,48,4,1,6,7,3,0,1,2,5,0,True,False,True,False,True
19,8,70,4,6,9,6,8,1,6,2,8,2,False,True,False,False,False
23,3,75,6,6,8,0,10,1,9,9,4,0,True,False,True,True,False
21,3,85,8,8,8,4,6,2,7,5,1,1,False,False,True,True,False
21,5,69,8,6,9,1,9,1,8,6,2,0,False,False,True,True,False
23,6,41,8,6,8,2,11,1,6,7,2,1,True,False,True,False,False
20,0,44,3,4,5,2,11,0,7,7,8,1,True,False,True,False,True
20,8,91,2,5,6,0,1,0,7,5,2,0,True,True,False,False,True
21,4,70,5,8,7,6,6,1,6,6,7,1,False,True,False,False,True
21,9,46,9,6,4,4,2,1,6,9,4,1,False,False,False,False,True
19,6,50,6,9,6,5,2,2,7,4,2,1,False,False,False,True,False
19,6,55,7,1,9,1,7,0,7,4,6,0,False,False,True,False,True
24,6,57,9,9,5,6,3,0,9,7,7,1,False,False,True,False,False
20,6,81,2,7,5,3,3,0,5,1,9,1,True,False,True,True,False
22,5,59,4,6,8,4,5,2,7,4,9,1,True,False,True,False,True
21,1,51,4,2,6,1,8,1,2,8,4,0,True,True,False,False,True
21,2,86,2,7,8,2,8,0,1,6,5,0,True,True,True,False,False
21,6,90,5,4,6,2,1,0,7,8,6,0,True,False,True,True,False
23,6,88,2,6,6,1,4,0,1,7,5,0,True,False,True,False,False
19,8,48,3,5,6,2,1,0,9,9,7,0,False,False,True,False,False
20,2,74,5,6,4,1,11,1,5,7,1,1,False,False,True,False,True
20,1,42,2,5,6,4,6,0,6,3,4,0,False,True,True,False,True
21,4,82,2,2,7,6,7,0,2,3,1,0,True,False,False,False,False
22,0,92,1,5,7,3,9,2,4,8,7,0,False,False,True,False,False
22,2,60,6,2,5,4,11,2,6,5,1,1,False,True,True,True,False
20,7,46,9,1,6,5,4,0,5,6,7,1,False,True,True,False,True
24,0,55,4,9,6,4,10,1,9,1,9,2,False,True,True,True,False
24,2,95,2,2,4,2,7,1,9,2,6,1,False,False,True,False,True
21,6,86,7,2,6,0,7,1,3,5,6,1,False,False,False,False,True
23,2,45,7,1,4,5,2,1,4,5,2,0,False,True,True,False,True
19,2,42,2,5,9,4,7,1,7,8,7,0,False,False,False,True,False
19,0,58,5,5,6,4,1,1,6,6,5,0,False,True,True,True,False
20,9,43,2,6,5,2,2,1,7,8,6,0,False,False,False,True,False
24,3,47,3,5,5,1,2,0,1,4,1,0,False,False,True,False,True
21,0,87,9,4,4,0,8,1,2,1,3,1,True,True,False,False,True
21,0,87,6,1,6,4,2,2,2,1,2,0,False,True,False,False,True
23,0,86,9,4,4,3,11,0,9,2,8,2,True,False,False,False,True
22,0,92,3,5,5,1,4,1,3,9,9,0,False,False,False,True,False
19,9,89,4,3,9,7,1,1,1,4,3,0,True,True,True,True,False
22,7,44,3,9,7,0,4,0,3,5,2,0,False,True,False,False,False
19,6,62,7,6,4,2,6,0,4,9,2,0,False,False,True,True,False
21,8,66,4,8,9,1,4,0,6,8,6,0,True,False,False,False,False
22,8,72,7,3,8,7,3,0,4,8,8,1,True,False,False,False,True
21,5,58,6,7,7,6,10,2,6,8,5,1,True,False,True,True,False
22,7,93,4,4,6,5,11,0,8,7,2,1,True,False,True,False,True
22,4,67,9,4,6,7,6,1,5,7,3,1,False,False,False,True,False
23,0,54,3,4,9,0,5,2,9,9,5,0,True,False,False,False,True
20,4,85,6,5,4,6,7,2,6,7,5,1,False,False,True,False,False
23,0,88,1,6,5,4,7,0,9,6,8,1,True,False,False,False,True
24,4,63,1,6,5,5,1,0,6,6,5,0,False,False,False,False,False
21,3,84,3,4,7,6,10,0,4,2,5,1,True,False,True,False,True
23,7,63,3,5,8,3,3,2,8,6,2,0,False,False,False,False,True
23,6,46,9,8,9,4,7,2,7,7,2,1,True,False,True,False,False
20,1,77,3,7,5,7,11,1,9,7,9,2,False,False,True,False,False
19,7,86,5,2,4,6,3,2,9,1,1,0,False,True,True,False,True
23,5,82,4,2,6,1,11,1,8,8,1,0,True,False,True,False,False
22,0,77,7,9,6,6,7,0,2,3,1,2,False,True,False,False,True
19,9,72,8,2,4,0,9,0,8,2,6,1,True,True,False,True,False
23,3,58,9,2,9,6,3,1,5,3,5,1,True,True,True,False,True
22,9,69,8,4,7,2,7,2,5,4,7,1,False,True,True,False,True
24,6,40,4,4,9,3,10,1,8,2,6,1,False,True,False,False,True
23,0,82,6,9,6,0,8,1,8,2,4,1,True,True,False,True,False
19,4,40,5,2,8,7,9,1,8,4,9,1,False,False,True,False,True
21,1,74,3,8,4,0,1,0,5,3,3,0,True,False,False,True,False
22,2,53,3,6,4,5,6,0,3,3,1,1,True,True,True,True,False
23,9,70,8,7,8,2,11,1,2,4,1,1,True,True,False,False,True
21,3,75,9,2,8,0,3,1,3,2,1,0,True,True,True,False,False
19,1,98,1,6,9,0,6,2,2,4,4,0,False,True,True,False,True
20,2,69,8,5,8,6,5,0,7,7,8,1,True,False,True,False,False
23,5,74,7,4,8,2,3,2,1,8,8,0,True,True,True,True,False
23,4,47,1,7,5,4,6,2,3,2,2,1,True,True,True,False,False
23,1,58,4,8,7,1,2,2,9,6,1,0,True,True,True,False,True
21,0,51,8,9,8,0,11,1,9,1,6,2,True,True,False,False,True
22,6,41,1,9,6,2,9,1,4,8,5,0,False,True,True,False,True
23,7,71,4,8,7,2,3,1,5,3,5,1,True,True,False,False,False
19,6,84,7,3,6,5,4,0,7,2,3,1,True,False,True,True,False
21,9,88,5,9,8,3,6,2,7,6,4,1,False,False,False,True,False
20,7,67,3,9,5,3,11,2,4,3,8,2,False,False,False,False,True
23,9,81,1,2,5,3,6,1,9,6,1,0,True,False,False,False,True
24,1,89,1,3,9,6,7,1,5,1,6,1,True,True,False,False,True
20,7,79,1,2,4,6,4,2,7,7,6,0,True,False,True,False,True
20,6,45,6,6,7,1,11,2,1,8,4,1,False,False,False,True,False
21,3,79,8,6,7,1,6,1,4,5,5,1,False,False,True,False,True
23,7,48,4,3,5,4,7,2,3,1,6,1,False,False,True,False,False
24,7,83,8,2,4,7,9,1,7,3,9,2,True,True,True,False,True
22,8,63,7,5,5,3,5,2,8,4,2,1,True,False,False,True,False
23,3,96,6,5,5,1,3,0,5,2,7,1,False,True,False,False,False
19,9,92,9,7,8,5,8,0,2,1,9,2,False,True,False,False,True
24,9,78,7,1,6,3,4,1,8,1,3,1,False,True,False,False,True
19,7,55,7,4,7,3,5,0,1,8,7,0,False,True,True,True,False
23,0,46,5,2,5,6,6,0,2,1,6,1,False,False,False,True,False
22,7,89,9,2,8,7,9,2,2,4,6,1,False,False,True,False,True
24,2,85,1,2,6,4,3,0,5,7,2,0,True,True,True,False,False
22,9,41,3,6,6,1,10,1,1,7,4,0,False,False,True,False,True
19,1,57,2,9,6,6,3,0,8,3,9,1,True,True,False,False,False
24,8,71,1,8,5,1,7,1,4,4,7,1,True,True,False,True,False
21,0,44,3,9,7,4,8,1,3,7,8,1,True,True,False,True,False
24,2,91,2,1,6,0,7,2,2,7,1,0,False,True,False,False,False
19,3,60,7,1,5,1,8,1,1,8,2,0,False,False,False,False,True
20,8,58,6,6,9,0,3,1,5,6,4,0,True,True,False,False,False
23,4,48,5,6,5,2,3,1,5,6,8,1,False,False,False,True,False
19,0,99,1,9,5,7,10,0,7,6,3,1,True,True,False,False,True
21,2,46,6,5,7,4,1,2,5,2,4,1,True,False,False,False,False
21,7,59,3,3,6,6,2,1,8,7,2,0,True,True,False,False,False
19,4,65,9,8,6,4,11,2,3,5,3,2,False,False,True,False,False
24,9,84,6,2,6,7,1,1,5,2,6,1,False,False,False,False,True
20,3,40,6,5,8,2,8,1,9,1,1,1,False,False,True,True,False
20,8,97,8,2,6,6,4,0,5,6,6,1,True,False,False,True,False
21,7,43,7,4,5,4,4,0,5,7,2,0,True,False,False,False,False
22,8,59,5,3,4,5,9,0,4,5,1,1,True,False,True,False,False
19,9,58,3,9,8,0,1,0,6,3,7,0,True,False,False,False,True
19,9,47,3,9,9,6,6,1,3,9,3,0,True,True,True,False,True
22,8,91,2,6,9,7,11,1,6,9,5,1,True,False,False,False,False
24,1,87,8,5,8,4,7,1,5,3,6,1,False,False,True,True,False
24,6,72,1,7,7,2,6,2,6,6,8,0,False,False,True,False,True
23,0,58,5,4,5,7,6,0,8,2,7,2,False,False,False,False,False
20,7,71,5,5,7,0,8,1,7,1,3,1,True,True,False,True,False
23,5,81,4,6,8,2,10,2,4,7,8,1,True,False,False,False,False
21,1,50,8,2,5,7,7,2,5,2,8,2,True,False,False,False,True
20,4,95,1,7,9,7,4,1,6,6,4,0,True,True,False,False,False
20,8,58,1,6,7,7,2,1,5,9,8,0,False,False,True,False,False
23,3,59,9,3,8,3,1,0,1,9,7,0,True,True,True,True,False
22,2,51,7,6,5,1,2,0,9,8,2,0,True,True,True,False,False
23,3,65,8,7,5,4,11,1,2,4,5,2,False,False,True,False,True
24,2,67,9,3,5,3,9,0,5,4,3,1,False,True,False,False,False
24,4,64,1,5,8,5,5,2,5,6,7,0,False,True,True,False,True
20,0,88,2,3,6,5,5,2,3,6,1,0,False,False,True,False,False
24,2,56,3,1,8,3,5,1,9,8,7,0,True,True,False,False,False
23,6,42,9,7,7,5,1,0,5,7,7,1,False,False,False,False,True
19,3,81,7,7,4,3,3,0,4,8,4,1,False,False,False,False,True
24,2,68,2,8,4,3,6,1,8,3,1,1,True,False,True,False,True
24,6,64,7,5,4,3,2,1,4,2,1,1,True,False,False,True,False
24,8,49,6,3,6,3,9,2,2,8,2,0,True,True,True,False,False
23,8,53,4,8,8,1,5,2,8,3,9,1,False,False,False,True,False
19,4,45,6,7,9,1,2,1,5,1,6,1,False,False,False,False,True
19,4,45,5,1,8,1,3,1,6,2,5,0,False,False,True,False,True
21,4,84,2,4,9,0,3,1,3,9,8,0,False,False,True,False,True
21,9,88,4,5,6,3,1,1,8,9,5,0,False,True,False,False,True
20,0,88,8,5,5,5,9,0,5,8,1,1,True,True,False,False,True
23,7,48,8,2,5,4,8,1,5,6,4,1,True,False,False,False,False
23,9,47,7,6,5,0,11,0,2,8,3,1,False,True,True,False,False
24,2,96,2,6,5,4,8,1,8,2,3,1,True,False,True,False,True
22,9,96,2,2,5,0,1,2,2,9,5,0,True,False,False,False,False
24,2,60,8,5,6,2,7,0,5,2,6,1,True,True,False,False,True
22,7,95,6,8,4,0,10,0,2,7,7,1,False,True,True,False,True
23,5,70,6,2,9,3,4,0,7,3,9,0,False,True,True,False,False
21,3,79,3,5,8,1,10,2,8,2,8,1,True,False,True,False,True
19,7,70,9,1,9,0,5,1,5,9,7,0,False,True,True,False,False
24,1,44,8,4,4,3,11,1,8,3,6,2,False,False,True,False,False
24,5,70,5,2,4,1,10,1,1,3,8,1,True,False,False,False,False
24,3,54,4,8,6,1,9,1,2,9,1,0,True,True,True,True,False
20,5,52,1,2,4,7,3,1,5,9,1,0,False,False,True,False,False
22,6,79,4,1,4,7,9,0,3,9,4,0,True,True,True,False,True
23,0,55,2,1,4,7,8,1,9,5,3,0,True,True,True,False,True
23,9,74,4,8,8,6,10,0,1,9,2,1,False,False,True,False,True
23,7,82,2,5,6,0,2,0,2,8,5,0,True,False,True,False,False
21,0,49,7,7,8,1,11,0,9,4,5,1,True,False,True,False,False
22,9,55,9,4,6,0,6,1,1,7,3,0,False,True,False,False,False
19,3,72,3,6,9,0,4,2,2,9,9,0,True,False,True,False,True
20,7,91,1,2,6,3,3,2,4,6,1,0,False,True,False,True,False
21,1,93,2,8,8,0,5,0,7,7,9,0,True,True,False,False,True
23,7,44,4,4,7,0,3,1,4,4,3,0,False,True,False,False,False
21,8,48,1,5,9,5,9,2,2,7,1,0,False,True,True,False,True
24,7,75,5,8,8,1,4,1,7,6,8,1,False,True,False,False,False
23,6,43,8,5,5,3,4,2,1,8,8,1,False,False,True,False,True
24,6,87,5,1,5,7,7,0,7,9,6,1,True,True,False,True,False
20,8,61,8,4,5,5,9,0,4,6,9,2,False,False,False,False,True
23,6,84,3,2,9,5,1,2,2,6,5,0,True,False,True,False,False
21,6,96,7,3,5,5,10,1,2,2,8,2,True,True,False,False,False
21,4,67,3,8,5,0,8,0,4,3,8,1,True,True,False,False,True
24,1,78,1,6,9,2,7,0,5,1,5,1,True,True,False,False,False
21,2,49,7,4,6,6,11,1,2,3,5,2,True,True,True,False,False
23,0,98,6,3,8,3,9,1,6,4,5,1,False,False,True,False,True
22,6,50,6,1,8,2,11,2,5,7,7,0,True,True,True,True,False
22,7,74,7,3,4,6,2,0,2,9,2,0,False,False,True,False,False
19,3,66,2,7,5,2,2,0,9,5,1,0,False,False,False,False,False
19,9,78,2,2,7,3,2,1,2,4,9,0,False,True,True,False,False
21,0,76,5,2,6,2,5,1,6,3,8,1,True,True,True,False,True
23,5,53,6,6,8,4,4,1,6,3,3,1,False,False,False,False,True
20,9,84,5,4,4,2,4,1,9,4,8,1,False,True,True,False,False
19,1,49,3,2,9,2,9,0,4,4,1,0,True,True,True,False,False
23,1,61,7,6,4,7,8,2,9,8,1,1,True,True,False,False,True
22,6,94,4,4,5,7,1,1,7,1,7,1,True,False,True,False,True
20,6,88,4,2,5,7,6,1,9,7,9,1,True,True,True,False,True
24,4,54,3,3,9,1,1,2,1,9,9,0,True,False,True,False,False
24,2,48,4,9,4,3,6,0,5,3,1,1,False,True,True,False,True
19,4,94,1,5,5,0,1,1,8,7,6,0,False,True,True,False,True
21,8,65,9,1,6,5,4,1,1,8,4,0,False,False,True,False,False
24,2,83,6,3,7,6,2,0,2,4,7,1,False,True,True,True,False
23,8,64,4,8,7,5,8,0,1,8,4,1,True,True,True,False,True
21,1,81,3,5,5,4,6,0,5,6,4,0,False,False,True,False,False
23,1,43,5,4,7,2,8,0,7,7,3,0,False,True,True,True,False
22,7,41,1,1,9,3,3,1,5,8,6,0,True,True,True,False,True
19,6,52,3,6,5,5,11,0,9,4,4,1,False,False,False,False,True
21,9,82,9,8,9,1,3,1,9,1,7,1,True,True,True,True,False
23,2,47,1,7,6,3,7,1,1,3,5,1,True,True,False,False,False
24,5,45,3,3,9,6,4,2,7,3,7,0,False,True,True,True,False
22,2,90,5,1,9,4,5,0,4,5,2,0,False,True,True,False,True
21,5,66,4,7,9,3,9,0,6,1,9,2,True,True,False,False,True
21,0,80,1,1,5,5,5,0,8,9,3,0,True,True,False,False,False
19,4,97,2,4,5,1,4,1,9,2,1,0,False,False,True,False,True
21,2,80,2,2,8,3,8,2,9,8,6,0,True,False,False,False,False
22,4,58,4,1,7,0,11,2,7,5,3,0,False,False,True,False,True
23,2,86,6,2,5,4,9,0,8,6,7,1,True,True,False,True,False
20,2,80,8,1,7,0,2,0,3,5,4,0,True,True,False,True,False
22,5,99,1,5,4,5,1,1,7,8,8,0,False,True,False,False,False
23,5,47,2,8,4,4,4,1,8,5,8,1,True,True,False,False,False
22,3,78,2,7,8,4,6,1,6,3,9,1,False,False,True,True,False
24,7,78,3,3,8,6,5,1,2,2,9,1,False,True,False,False,False
19,2,76,8,9,7,2,10,0,2,1,7,2,False,True,True,True,False
24,7,89,5,7,8,5,5,1,3,4,9,1,True,True,False,False,False
22,8,67,8,7,7,0,8,1,3,7,2,0,False,False,True,False,False
23,1,73,9,3,6,6,8,1,9,8,5,1,False,True,True,True,False
21,4,62,2,4,8,0,3,2,1,7,8,0,False,True,False,False,False
21,0,72,8,8,8,1,8,1,1,3,9,2,False,True,True,False,True
21,0,61,9,5,6,2,7,0,5,9,2,0,False,False,True,False,True
20,0,93,5,8,8,3,10,0,2,8,3,1,False,False,True,False,True
20,3,57,6,6,4,7,3,1,5,5,4,1,True,False,False,False,True
24,0,75,3,8,7,7,1,1,1,1,2,1,True,False,True,False,False
19,6,44,1,5,7,3,8,1,6,2,9,1,True,True,True,True,False
19,2,76,4,2,7,2,6,2,4,7,3,0,False,False,True,False,False
22,6,41,2,7,8,1,1,0,4,6,9,0,False,False,True,True,False
22,2,70,9,5,4,3,2,1,1,4,8,1,False,True,False,False,False
24,5,90,2,9,8,1,5,2,4,4,2,0,False,False,True,False,True
23,2,55,5,2,5,3,10,2,8,1,2,1,True,False,True,False,False
19,1,44,7,7,8,4,1,1,7,1,7,1,True,True,False,True,False
23,7,42,6,5,9,5,9,1,1,6,3,1,True,True,True,False,True
22,3,71,6,1,9,1,8,1,9,4,5,0,False,True,False,True,False
23,2,83,6,3,6,2,3,1,1,7,6,0,True,False,True,True,False
21,8,95,3,3,9,5,3,1,8,4,2,0,True,True,True,False,False
21,7,89,2,1,6,2,9,2,2,4,8,0,True,True,True,True,False
20,4,52,7,7,5,5,10,1,1,3,6,2,True,False,True,False,False
19,8,87,8,1,4,6,1,1,6,5,4,1,False,True,False,False,True
21,4,84,8,2,4,3,10,1,4,8,4,1,False,False,True,True,False
19,2,47,7,9,7,2,6,0,1,9,1,0,False,True,True,False,False
24,9,62,3,8,7,6,8,0,8,5,6,1,False,False,False,False,False
19,0,42,6,6,6,2,9,2,7,3,5,1,True,False,False,False,False
24,1,65,6,4,4,0,6,2,3,4,6,1,False,False,False,False,False
19,9,67,5,8,8,0,7,0,7,6,9,1,True,False,True,True,False
23,2,92,1,8,5,2,5,0,3,6,8,1,False,True,True,True,False
24,1,67,6,2,7,6,3,0,6,7,7,0,True,True,True,False,True
24,3,40,1,8,4,7,5,1,9,3,5,1,True,True,False,True,False
19,5,43,3,6,5,5,8,0,8,1,5,2,False,True,False,False,True
23,3,74,9,3,9,4,3,1,6,8,9,1,True,True,False,False,False
24,4,60,6,4,9,5,8,0,4,6,3,0,False,False,True,True,False
24,0,82,5,5,8,6,10,1,8,5,9,1,True,True,True,False,False
19,9,94,6,9,8,1,4,0,3,1,6,1,False,True,True,False,False
24,7,91,1,4,4,7,6,0,1,7,8,1,False,False,False,False,False
21,5,84,2,9,5,2,7,1,2,6,6,1,False,False,True,False,True
24,1,84,9,8,5,3,9,1,6,7,6,2,True,False,False,False,True
23,9,81,4,7,7,1,9,1,6,4,8,1,True,False,False,False,True
23,6,62,8,9,7,4,6,2,6,3,5,2,True,False,False,False,False
21,4,67,7,3,9,5,1,0,4,7,7,0,True,True,False,True,False
24,0,81,2,5,7,6,9,1,7,6,3,1,True,False,False,True,False
19,2,59,5,7,4,1,7,0,5,8,5,1,True,True,False,False,False
24,0,44,6,5,5,7,1,2,7,4,6,1,False,False,False,True,False
24,2,42,4,6,4,6,8,1,7,3,4,2,False,True,False,False,True
20,1,74,4,8,5,4,7,0,5,3,4,1,True,False,True,True,False
23,4,59,3,1,4,4,10,0,1,1,2,1,True,False,True,True,False
24,9,96,1,8,6,1,2,0,7,5,9,0,True,True,False,False,True
24,0,92,8,4,5,5,5,2,3,6,5,1,True,True,True,False,False
20,9,86,4,4,6,2,9,1,9,6,9,1,True,True,True,False,True
21,7,99,5,4,5,0,11,1,9,7,6,1,False,False,True,False,False
21,5,49,5,9,4,2,5,2,6,1,1,1,True,False,True,False,False
21,3,42,7,9,8,4,6,2,2,1,2,1,True,False,True,False,True
24,1,85,3,5,8,0,4,0,1,9,9,0,False,True,False,False,True
20,8,41,5,8,8,5,1,0,8,1,8,1,True,True,True,False,True
20,0,89,5,5,5,2,4,1,5,2,6,1,True,False,False,False,True
23,8,73,8,8,6,1,8,0,9,1,5,2,False,True,False,True,False
21,6,84,5,8,6,7,8,0,2,2,2,2,True,False,False,True,False
22,8,64,1,1,6,2,8,0,3,8,5,0,False,False,False,False,False
22,6,46,3,1,5,5,4,0,9,5,6,0,False,True,True,False,True
19,2,43,9,8,7,2,5,1,3,3,3,1,True,False,True,True,False
23,2,92,7,2,6,2,10,0,8,4,9,1,True,True,True,False,True
24,0,89,1,5,5,4,1,2,8,8,3,0,False,False,True,False,True
23,6,73,2,2,5,0,4,1,7,8,9,0,True,False,True,True,False
19,3,42,9,3,9,1,7,1,4,9,1,0,False,True,False,False,False
22,8,69,3,4,7,6,8,0,9,9,6,0,False,True,True,False,False
24,6,52,4,2,8,2,8,2,4,5,4,0,False,False,True,False,False
22,0,87,5,4,5,2,4,0,2,1,3,1,True,False,False,True,False
22,3,48,6,7,7,7,8,0,6,3,2,1,True,True,False,True,False
24,6,73,2,2,6,6,11,1,6,8,3,0,True,False,False,False,True
23,3,86,2,5,4,4,7,0,3,6,7,1,True,False,False,False,True
19,3,78,1,9,6,4,7,1,4,8,8,1,False,False,False,True,False
20,2,48,9,5,8,5,9,0,1,8,8,1,True,False,False,False,True
19,7,79,3,3,5,4,1,0,9,2,8,0,True,True,True,False,False
21,8,68,3,7,8,1,1,0,3,7,9,0,False,True,False,False,True
24,6,66,8,1,5,0,7,1,2,5,3,0,False,False,True,True,False
20,8,70,5,8,7,2,10,1,1,4,5,1,False,False,True,False,False
23,0,60,5,5,6,3,9,0,4,8,3,0,True,True,True,False,False
23,9,96,9,1,6,0,8,2,3,5,7,1,True,True,False,False,False
19,2,57,4,7,5,1,8,2,6,2,3,1,True,False,True,False,True
22,3,42,1,3,6,5,2,0,1,1,3,0,True,False,False,False,False
21,2,48,6,8,8,2,8,1,3,6,6,1,False,True,False,False,True
23,5,86,8,7,4,3,8,1,8,7,3,1,False,False,True,True,False
19,5,96,6,8,5,4,10,0,3,2,1,1,False,True,True,False,False
24,7,87,5,3,9,0,1,0,8,3,2,0,False,True,True,False,False
24,4,51,1,8,4,4,8,1,2,3,4,1,True,True,False,False,True
23,8,98,4,2,9,3,8,1,1,8,3,0,False,False,True,False,True
19,4,56,5,9,8,6,11,1,1,3,9,2,True,False,True,False,True
24,5,85,4,8,8,3,2,0,2,9,1,0,False,True,False,True,False
20,7,99,4,2,8,4,5,0,2,6,7,0,False,False,False,False,True
19,8,67,9,8,7,0,9,0,4,4,9,2,True,False,True,False,True
20,9,67,8,7,5,1,9,1,1,8,4,1,False,False,False,False,False
24,5,44,3,6,4,0,6,0,4,9,7,0,True,False,True,False,False
22,5,43,3,7,7,5,5,0,2,3,5,1,True,True,False,False,False
23,9,89,7,8,6,6,10,1,1,8,8,2,True,True,False,False,False
21,4,85,7,2,9,2,10,0,4,2,4,1,True,True,True,False,False
23,8,79,1,8,6,0,7,2,5,7,5,0,False,True,True,False,True
19,6,45,9,3,5,2,6,2,6,6,6,1,False,False,True,False,False
24,5,67,7,9,7,3,9,0,2,3,7,2,False,True,False,False,False
21,9,92,6,6,5,0,2,1,7,1,9,1,True,False,True,False,True
24,5,41,9,9,6,6,1,0,5,7,2,1,False,False,True,False,False
19,1,82,6,4,5,5,3,1,6,9,6,0,True,True,False,False,True
21,0,93,4,6,6,1,9,1,8,5,8,1,True,False,True,False,False
23,0,62,4,9,5,3,6,0,3,1,1,1,False,False,False,False,False
22,2,85,8,6,8,5,9,0,5,5,9,2,False,False,True,False,True
22,6,95,9,9,6,5,1,1,4,1,2,1,True,False,False,False,False
19,4,53,9,2,5,7,10,0,5,1,2,2,True,True,True,False,False
21,9,62,3,6,6,6,1,2,8,4,7,1,False,True,True,True,False
19,4,76,1,6,5,7,9,1,7,3,6,2,False,True,False,False,False
24,9,69,3,4,4,4,4,0,5,5,5,1,False,True,False,True,False
21,5,94,6,7,6,2,1,1,8,8,7,0,True,True,True,False,True
19,0,89,4,5,9,7,4,0,3,6,2,0,False,True,True,False,True
24,6,60,2,5,5,7,1,2,6,4,5,1,True,True,False,False,True
21,3,88,6,3,8,4,3,0,5,2,5,0,False,True,True,False,False
22,0,51,4,1,6,3,3,2,1,3,6,0,True,False,False,False,True
24,9,92,2,9,8,2,7,0,5,7,6,1,False,True,False,True,False
19,4,50,5,7,6,7,6,1,1,2,6,2,False,True,True,False,True
24,4,47,5,7,9,4,5,1,7,9,5,0,True,True,False,False,False
20,5,47,5,7,5,4,3,1,8,9,3,0,True,True,True,True,False
20,5,58,4,5,8,2,11,2,7,7,7,1,False,False,False,True,False
21,6,66,4,5,9,4,8,1,3,2,7,1,True,False,True,False,False
23,5,56,3,2,9,7,5,0,9,2,3,0,False,False,True,False,False
24,9,50,1,1,7,7,5,0,4,6,1,0,False,False,False,True,False
21,4,72,3,5,7,7,2,1,1,1,3,1,False,True,False,False,True
22,1,99,3,6,5,3,9,2,4,5,2,1,False,True,False,False,True
24,2,98,8,9,6,7,10,0,2,4,7,2,True,False,True,False,True
22,9,64,3,1,4,6,8,1,1,4,8,1,True,False,False,True,False
22,3,53,9,4,5,2,11,1,2,9,5,1,True,False,True,True,False
23,1,78,6,5,5,7,4,1,3,7,2,1,False,False,False,False,False
23,8,99,7,4,4,2,5,2,8,9,2,0,False,True,False,True,False
20,1,53,7,7,5,5,7,1,1,9,1,1,True,False,True,True,False
23,5,67,9,1,5,7,4,2,2,6,9,1,False,True,False,True,False
22,4,75,2,2,8,3,10,1,7,4,8,1,True,False,True,True,False
21,2,45,6,8,7,7,5,1,5,7,1,1,False,False,False,True,False
21,5,99,3,6,4,6,2,0,9,6,8,1,False,False,True,True,False
23,4,73,8,4,6,6,7,1,9,6,8,2,False,False,False,False,True
21,3,52,3,7,4,7,5,0,1,4,8,1,True,False,True,True,False
22,3,49,7,4,5,0,5,1,9,4,5,0,False,True,True,False,False
19,1,84,7,3,4,6,1,2,7,2,3,1,False,False,False,True,False
22,9,98,2,1,9,3,1,1,8,9,4,0,True,True,True,False,True
21,2,71,1,3,5,4,3,1,1,8,3,0,True,True,False,True,False
19,1,86,9,5,6,3,4,1,2,8,6,1,False,False,True,True,False
24,6,57,2,2,6,4,2,1,4,8,6,0,False,True,True,True,False
19,2,56,8,5,7,4,10,1,2,9,9,1,True,True,False,False,False
24,1,48,9,1,7,7,5,1,7,5,9,1,True,True,True,True,False
19,6,51,3,9,5,3,1,1,6,6,5,0,True,True,False,True,False
24,8,40,9,5,9,6,2,2,4,1,3,1,True,True,False,True,False
19,1,62,1,3,5,7,10,1,4,7,7,1,True,False,False,False,False
23,9,94,1,1,8,2,6,2,9,6,3,0,True,False,False,False,False
21,0,45,7,9,8,3,5,2,2,6,5,1,False,True,False,False,True
21,0,79,2,2,7,0,6,1,1,3,7,0,True,True,False,False,True
21,6,51,4,5,7,3,10,1,1,4,5,1,True,False,False,False,False
20,0,66,6,8,9,1,10,0,5,5,6,1,True,False,True,False,False
20,6,79,1,8,7,2,9,0,7,3,7,1,False,False,False,False,True
19,2,94,2,7,5,5,4,2,6,1,4,1,True,True,True,False,False
22,7,84,3,7,4,3,6,0,8,7,1,0,False,True,False,True,False
20,1,73,7,4,4,6,11,0,4,8,6,2,False,True,False,False,False
23,1,65,9,4,6,3,11,0,6,9,9,1,True,False,True,False,False
19,9,64,5,6,6,4,11,1,3,5,4,1,True,False,True,False,True
24,8,76,3,1,7,7,6,2,4,3,3,0,False,True,True,False,False
21,6,47,9,9,7,7,6,2,2,6,7,2,True,True,True,True,False
19,1,66,2,1,8,0,8,1,6,5,4,0,True,True,True,False,True
19,2,65,5,5,6,4,2,0,7,9,6,0,False,False,True,False,False
24,9,63,1,9,5,7,1,2,4,7,8,1,False,False,True,False,False
19,1,98,2,3,5,7,10,1,3,4,8,2,False,True,False,False,True
23,0,77,8,8,8,0,3,0,6,4,6,1,False,False,False,False,False
24,4,41,2,8,4,0,7,1,6,5,9,1,False,True,True,False,True
22,6,68,9,7,6,3,1,1,9,5,1,0,True,True,False,True,False
22,1,80,2,3,8,1,1,0,3,4,3,0,False,True,True,True,False
24,9,67,6,8,8,6,10,0,5,5,1,1,False,False,True,False,True
23,6,66,6,5,6,1,3,0,4,9,8,0,False,True,False,True,False
22,2,75,1,5,9,2,2,0,9,3,5,0,True,False,False,False,False
22,4,98,7,6,4,1,9,0,3,4,8,2,True,False,True,True,False
23,2,78,3,1,7,0,6,1,8,9,7,0,False,False,False,False,False
20,3,90,8,3,5,6,4,0,4,4,6,1,True,True,True,True,False
23,4,95,9,9,9,4,5,1,3,9,5,1,True,True,False,False,True
21,1,53,2,8,8,5,11,0,3,2,7,2,True,True,False,False,False
24,6,61,8,4,4,1,4,1,8,3,2,0,False,True,True,True,False
23,7,41,4,8,6,3,6,1,8,8,6,1,False,True,False,False,True
23,3,92,5,6,5,0,7,2,5,7,5,0,False,True,True,False,False
19,5,42,1,2,6,2,2,0,7,8,1,0,False,True,True,False,True
22,6,91,6,5,6,0,11,1,6,2,6,1,False,True,True,False,False
23,8,99,6,6,4,6,5,2,8,6,5,1,True,True,False,False,False
22,1,81,2,9,9,0,7,0,2,9,3,0,False,False,False,False,True
22,8,64,3,3,4,5,3,2,4,9,7,0,False,True,True,False,False
24,5,95,8,8,4,7,3,1,8,6,4,1,False,False,True,True,False
21,5,42,1,1,8,0,5,2,1,1,9,0,False,False,False,False,True
21,5,82,9,7,9,3,7,0,2,8,4,1,False,False,True,True,False
19,2,76,2,6,6,2,5,0,3,4,7,0,False,True,True,False,True
20,4,61,5,5,8,4,7,2,9,6,3,0,True,False,True,False,False
24,6,97,3,3,5,6,2,0,7,4,7,1,True,False,False,False,True
20,3,40,3,8,8,0,10,1,4,1,2,1,False,True,True,False,True
19,8,51,7,5,5,4,9,2,1,3,1,1,True,False,True,False,False
19,4,81,2,7,5,3,10,2,8,8,7,1,False,False,False,True,False
21,5,55,6,4,9,5,2,1,6,7,5,0,False,False,False,False,True
24,0,46,5,4,9,1,1,0,9,1,3,0,True,True,True,False,True
23,1,73,4,8,4,3,1,1,5,3,2,0,True,False,True,False,True
21,8,45,7,8,8,7,4,0,8,2,1,1,False,False,True,True,False
23,9,44,9,2,9,0,7,1,5,4,7,0,True,False,True,False,False
22,8,56,4,4,7,7,5,0,3,7,4,0,True,False,True,False,False
21,1,73,4,2,4,4,4,0,7,5,4,0,True,True,True,False,False
24,3,85,1,4,6,7,5,1,6,6,5,0,True,False,False,False,True
20,8,75,5,3,6,1,6,1,9,3,9,1,False,False,False,False,True
22,8,98,7,6,4,0,4,2,2,6,5,1,True,False,False,False,True
24,8,41,2,8,7,7,1,0,9,3,3,0,True,False,True,False,True
20,0,81,5,6,7,7,11,1,7,5,4,1,True,True,True,True,False
21,0,60,3,6,4,0,11,1,6,7,3,1,False,False,False,True,False
22,4,77,8,1,4,0,2,1,1,3,9,1,True,False,True,True,False
23,8,61,9,9,8,0,4,1,2,7,1,0,False,True,False,False,False
22,1,50,6,8,9,2,2,1,4,7,1,0,False,True,False,True,False
21,3,97,6,5,6,3,10,1,4,3,9,2,True,False,True,False,True
24,1,93,7,9,6,0,10,0,8,8,7,1,True,True,True,False,False
20,8,52,2,1,5,1,6,2,3,7,5,0,False,True,False,False,True
22,1,76,7,9,5,0,9,0,2,7,3,1,True,False,False,False,False
20,9,82,6,7,7,1,2,1,9,7,4,0,False,True,False,True,False
22,2,92,4,6,5,4,11,0,4,2,4,1,False,True,True,True,False
24,2,53,4,7,6,7,9,2,6,1,1,2,True,False,False,False,True
24,6,82,8,5,4,1,4,2,4,3,5,1,False,True,False,False,False
20,4,64,7,7,9,3,11,0,2,4,5,1,False,True,False,False,False
20,7,87,7,8,4,2,3,1,3,4,1,1,True,True,True,True,False
19,8,55,1,7,6,4,5,1,1,3,9,1,False,True,False,True,False
22,4,62,7,7,5,5,8,2,7,6,4,1,True,True,False,False,True
24,4,40,9,5,6,1,2,0,1,4,5,0,True,True,True,False,True
20,2,99,9,3,5,7,8,1,2,9,4,1,False,False,False,False,False
19,4,88,7,9,6,2,5,0,3,1,5,1,True,False,True,False,True
22,1,94,8,7,5,5,3,1,5,9,6,1,True,False,False,False,True
19,4,47,8,8,9,5,1,0,3,8,4,0,True,False,True,False,True
23,7,95,9,8,6,6,9,0,9,1,6,2,False,True,False,True,False
19,7,63,9,2,5,7,1,0,7,5,6,1,True,True,False,False,False
19,7,50,5,3,7,4,8,1,3,2,7,1,True,True,True,False,True
21,0,46,5,4,4,3,1,2,5,7,5,0,False,True,True,True,False
24,0,60,5,9,4,3,6,2,7,1,4,2,False,True,False,False,False
22,9,92,8,9,6,7,10,0,6,9,5,2,True,False,True,False,True
24,2,92,9,8,4,4,10,1,8,9,7,2,False,True,True,True,False
23,8,84,5,7,5,2,7,1,6,8,8,1,False,False,True,False,False
19,9,65,8,7,7,2,1,1,6,9,2,0,False,True,False,False,False
20,7,54,4,3,8,2,7,2,9,7,8,0,False,False,False,False,False
22,8,68,8,3,9,2,1,0,6,5,8,0,True,True,False,True,False
24,4,96,8,7,4,7,9,1,5,5,3,2,False,True,True,False,False
19,0,92,5,9,9,6,7,2,7,6,5,1,True,True,False,False,False
23,2,76,1,6,9,3,8,0,9,8,9,0,False,True,False,False,True
20,9,62,7,4,4,2,9,2,9,5,8,1,True,True,True,False,True
21,3,54,7,6,6,2,11,0,3,6,3,1,False,False,False,False,False
21,1,70,9,4,7,5,10,1,5,3,5,2,False,True,False,False,False
24,6,51,1,8,5,4,6,0,2,1,7,1,False,False,False,False,False
22,4,46,5,2,7,7,1,1,8,4,7,0,True,False,True,False,True
23,3,91,1,8,4,3,6,1,2,4,8,1,False,True,False,False,True
19,6,85,4,7,7,3,9,2,9,9,6,1,True,False,True,True,False
20,0,53,8,4,8,6,8,2,5,5,9,1,True,True,True,False,True
24,6,82,5,8,7,2,10,2,1,2,4,1,False,True,True,True,False
20,8,59,1,6,4,2,3,2,4,4,4,0,True,False,True,False,False
24,0,74,1,6,8,4,3,0,4,2,3,0,False,True,False,False,False
19,6,61,1,2,6,3,11,1,7,3,6,1,False,False,False,False,False
20,3,40,5,1,6,2,7,1,2,9,3,0,True,True,False,True,False
24,6,83,6,7,5,7,1,0,9,2,4,1,True,True,False,True,False
23,6,69,7,5,4,7,10,1,4,9,6,2,True,False,False,False,True
20,5,89,6,2,5,0,10,1,2,2,7,1,False,True,False,False,False
23,8,95,4,6,5,5,7,2,8,9,7,1,False,False,True,False,True
23,5,61,5,7,9,5,9,1,8,8,6,1,False,False,True,False,False
24,8,46,8,4,5,1,2,1,2,4,6,1,True,True,False,False,True
19,9,49,6,5,7,6,2,2,5,1,8,1,False,False,False,False,False
22,3,46,4,4,6,3,6,0,8,4,2,0,True,False,False,False,True
22,5,82,2,7,4,0,5,2,8,3,3,0,True,False,False,False,True
20,6,56,7,1,5,5,10,0,4,2,9,2,True,True,False,False,True
22,6,87,9,9,4,5,3,1,1,4,5,2,True,True,False,False,True
21,1,78,5,6,7,5,4,1,1,3,4,1,True,False,False,True,False
24,0,77,2,9,6,7,11,0,1,2,2,2,False,True,True,True,False
20,4,59,5,4,7,2,4,0,5,3,6,1,True,True,False,False,True
23,5,45,3,2,7,2,6,1,5,5,3,0,False,False,False,False,False
24,2,75,3,5,9,6,1,2,4,3,1,0,True,True,True,True,False
22,3,81,7,3,4,4,9,2,5,2,8,2,True,False,True,False,True
22,9,63,5,8,7,0,6,2,8,9,7,0,True,True,True,True,False
22,8,68,4,3,8,1,5,2,2,8,9,0,False,False,False,True,False
23,8,67,5,5,9,7,10,0,8,4,7,2,True,False,False,False,True
22,4,82,3,2,6,4,8,0,8,8,4,0,False,False,False,False,True
21,3,49,1,8,9,6,11,0,6,7,5,1,False,False,True,True,False
24,1,81,1,1,8,3,2,1,1,8,4,0,False,True,False,False,True
21,1,60,2,2,4,5,4,2,7,8,4,0,False,False,True,False,True
19,0,64,9,2,8,2,5,0,1,5,7,1,True,True,False,False,False
20,7,76,4,6,5,1,2,0,6,5,2,0,True,True,True,False,True
19,6,46,3,8,5,5,3,2,9,3,4,1,False,False,True,False,True
20,7,97,8,2,9,0,10,0,1,8,4,0,False,False,True,False,False
24,7,66,1,9,6,5,11,2,5,2,5,2,False,False,True,False,False
19,0,60,8,3,8,4,8,2,8,9,2,0,False,True,True,False,False
22,1,89,6,8,9,0,8,0,5,4,2,0,False,True,True,False,True
23,7,84,7,7,4,5,1,0,9,7,5,1,True,False,True,True,False
20,3,65,2,1,5,1,8,0,5,8,4,0,False,False,True,False,False
24,9,67,1,7,9,5,1,0,4,6,7,0,False,True,True,True,False
21,6,82,3,9,4,2,11,1,1,4,7,2,False,False,True,True,False
23,4,73,1,6,5,6,1,0,9,8,2,0,False,True,False,False,True
21,6,47,1,5,5,4,9,1,8,5,9,1,True,True,True,False,False
20,6,67,2,4,9,7,11,1,3,3,4,1,True,True,False,True,False
19,4,72,9,4,8,3,3,1,9,6,4,0,False,False,False,False,True
20,0,99,2,2,7,6,4,1,2,6,4,0,True,True,False,False,True
19,2,92,7,8,9,2,7,1,8,9,4,0,True,False,False,True,False
21,2,54,2,9,7,2,10,1,8,1,8,2,False,False,False,False,False
23,1,59,1,3,7,0,11,0,8,6,5,0,False,True,True,False,True
24,0,90,4,6,7,4,2,0,1,7,2,0,False,True,False,True,False
19,2,55,9,9,7,4,10,2,6,3,4,2,True,False,True,False,True
20,0,65,7,3,4,4,8,1,5,5,7,1,False,False,True,False,True
24,5,90,5,8,7,1,11,1,8,2,1,1,True,False,False,False,True
19,5,91,9,1,8,2,6,0,4,4,9,1,True,True,False,False,False
20,8,74,9,4,6,4,2,0,7,6,5,1,True,True,False,True,False
23,0,67,9,4,8,4,5,1,8,5,1,0,False,False,True,False,True
21,4,74,8,2,5,1,2,1,6,7,5,0,False,True,False,False,True
19,1,97,4,9,9,2,9,2,3,9,6,1,False,False,False,False,True
24,5,44,3,2,8,6,8,2,6,6,3,0,False,False,False,False,True
24,9,45,4,9,5,7,1,2,4,2,1,1,False,True,False,False,True
19,8,82,5,7,4,1,6,2,6,4,5,1,True,True,True,True,False
22,8,95,9,1,5,5,9,0,8,7,2,1,True,False,False,True,False
22,5,88,9,4,5,2,1,1,5,2,9,1,True,False,False,False,False
22,7,47,6,7,4,1,1,2,5,4,4,1,False,True,False,True,False
19,1,59,3,4,8,4,7,1,5,2,7,1,False,False,False,True,False
23,1,51,1,3,9,2,7,1,5,8,4,0,False,False,False,False,True
21,8,82,8,1,4,2,7,0,7,2,7,1,True,False,True,False,True
23,1,40,7,9,5,7,2,1,6,6,3,1,False,False,True,False,False
23,9,71,5,8,9,4,7,1,5,7,6,1,False,False,True,False,True
21,7,65,8,8,9,1,4,0,4,3,6,1,False,True,True,False,False
19,7,48,8,7,7,1,1,0,4,2,8,1,False,True,False,False,True
24,7,98,2,3,9,7,7,1,7,2,2,0,False,False,False,False,False
21,7,62,4,1,6,0,3,1,8,3,7,0,True,False,True,False,True
20,6,41,3,5,6,5,9,1,1,6,7,1,False,False,False,False,False
22,2,89,8,8,9,4,9,1,1,9,2,1,False,True,True,False,False
21,0,84,8,7,7,4,11,1,7,5,1,1,False,True,True,True,False
20,3,48,9,7,9,3,9,0,6,7,9,1,True,True,True,False,False
21,5,62,6,3,6,0,10,1,2,7,3,0,True,False,True,True,False
20,1,76,5,7,4,6,9,0,6,5,7,2,False,True,False,False,False
21,0,75,6,3,7,0,8,0,5,2,4,0,True,False,True,False,False
24,1,48,7,2,8,6,5,0,7,4,6,1,False,False,True,False,True
24,8,65,8,9,4,5,2,1,7,5,1,1,False,False,False,True,False
23,6,73,1,6,9,4,6,2,3,4,2,0,False,False,True,True,False
21,5,52,6,2,9,4,8,0,8,9,9,1,False,False,False,False,False
24,1,67,5,9,7,2,9,1,1,7,9,1,False,False,False,False,True
23,9,60,7,7,5,3,11,1,5,2,5,2,True,True,False,True,False
23,8,61,2,8,8,4,3,1,8,6,8,0,False,False,True,True,False
24,6,76,9,5,9,4,5,1,5,5,1,0,False,True,True,True,False
19,4,64,6,2,5,4,11,2,1,2,2,1,True,True,False,False,True
23,1,82,9,9,6,6,11,1,5,9,7,2,True,False,True,False,True
23,4,40,8,7,7,4,11,1,5,5,4,2,False,True,False,True,False
19,6,81,6,4,9,3,11,0,3,9,8,1,False,False,True,False,False
20,0,56,5,5,4,4,1,1,2,2,8,1,False,True,True,False,True
24,8,66,5,1,5,6,4,1,2,9,1,0,False,True,False,False,True
19,0,94,4,7,5,2,6,1,9,7,1,0,False,True,True,False,False
21,5,64,6,2,4,2,10,0,7,8,4,1,True,True,False,False,False
19,2,61,2,1,9,6,11,0,6,2,9,1,True,False,False,False,False
21,6,66,7,6,7,7,2,1,1,8,5,0,True,False,True,False,True
24,1,90,5,3,8,3,6,0,8,6,7,0,True,True,True,False,True
20,0,64,1,2,7,7,5,1,4,7,6,0,True,False,False,False,True
19,1,69,2,9,7,2,6,1,7,5,2,0,False,False,False,False,True
24,1,97,9,1,6,1,10,0,7,6,5,1,False,False,False,True,False
20,2,80,7,1,7,7,3,0,1,9,7,0,False,True,True,False,True
19,2,81,6,6,5,6,1,1,5,3,9,1,True,False,False,False,False
24,9,77,8,6,8,7,9,2,7,6,4,1,False,False,True,True,False
20,8,63,2,9,8,5,3,0,3,4,8,1,True,True,True,False,True
21,3,84,7,8,8,0,2,1,9,5,9,1,True,True,True,False,False
22,6,63,1,4,7,3,9,0,1,6,9,1,False,False,False,False,False
21,3,74,1,2,5,5,6,1,1,5,5,0,False,True,False,False,False
20,8,93,5,1,8,7,3,1,1,2,4,0,True,False,False,False,False
19,5,90,9,4,4,1,7,1,9,6,9,1,True,False,True,False,False
20,1,40,6,5,8,7,5,0,6,3,1,1,True,False,False,True,False
19,2,57,9,6,5,1,3,2,3,6,3,1,True,False,False,True,False
24,8,72,7,5,8,0,6,0,8,6,3,0,True,True,True,False,True
21,1,67,1,5,4,3,8,2,3,7,7,1,True,True,False,False,True
22,6,96,4,2,8,6,2,0,1,4,5,0,True,True,True,True,False
19,9,81,4,7,7,0,9,2,4,2,5,1,False,True,False,True,False
23,2,91,1,6,4,0,6,1,3,9,3,0,False,False,True,False,False
22,7,69,2,1,9,5,2,2,9,8,5,0,False,False,True,False,False
24,0,61,9,3,9,7,6,1,8,4,9,2,False,False,False,False,True
21,3,53,9,7,6,4,2,0,9,7,7,1,True,False,False,False,False
20,2,93,8,7,5,5,10,2,5,2,2,2,False,False,True,False,True
22,8,41,7,6,5,6,6,2,5,1,2,2,True,False,False,False,True
19,1,48,6,2,8,6,11,2,6,1,6,2,True,False,False,True,False
19,7,83,1,3,6,2,5,0,3,3,2,0,True,False,True,False,True
23,2,99,1,7,6,4,3,0,5,9,7,0,True,True,True,False,False
19,8,72,1,9,8,5,11,1,2,6,5,1,True,False,False,False,True
20,8,90,2,6,8,1,9,0,5,2,4,1,False,False,False,False,False
24,7,80,3,8,6,4,8,2,3,8,6,1,False,True,False,True,False
23,5,45,6,7,9,5,8,0,2,5,3,1,True,False,True,False,True
19,2,79,7,6,6,7,1,2,1,2,9,2,True,False,False,False,True
20,3,53,3,8,7,1,8,1,4,9,6,0,True,False,False,False,True
22,9,41,7,6,8,1,8,1,1,5,8,1,True,False,False,False,True
21,4,77,5,6,7,1,8,1,6,4,5,1,False,True,True,False,True
21,9,57,1,6,9,6,11,1,3,3,9,2,False,False,False,False,True
20,6,46,8,2,8,0,5,1,3,1,2,0,False,True,False,False,False
24,9,89,4,3,4,3,3,0,3,3,4,0,True,True,True,True,False
19,6,72,9,4,6,6,5,1,2,9,7,1,False,True,False,False,True
22,7,74,8,1,4,4,5,0,6,3,4,1,True,False,False,False,True
20,7,59,2,7,8,0,2,0,4,9,2,0,False,False,False,False,True
24,9,56,2,5,6,3,2,1,3,2,1,0,False,True,False,True,False
19,2,81,3,3,5,2,2,1,8,1,3,0,False,True,False,False,False
23,4,44,9,5,6,7,2,2,6,5,1,1,True,False,True,False,False
23,1,73,9,2,5,0,2,2,8,1,6,1,True,False,True,False,True
19,8,56,2,5,8,2,1,1,6,7,4,0,False,False,False,False,False
22,6,43,3,2,4,6,1,1,4,3,2,0,False,True,True,True,False
19,3,84,3,6,4,0,9,2,7,7,9,1,True,True,False,False,True
20,8,66,4,6,9,1,7,0,3,7,9,0,True,False,True,True,False
22,3,42,6,4,6,7,10,1,5,9,3,1,False,False,True,False,True
21,3,49,9,2,7,7,2,1,4,9,5,0,False,False,False,True,False
24,5,53,1,8,9,1,11,0,3,9,2,0,True,True,True,True,False
24,6,55,3,5,9,3,5,2,7,7,1,0,False,True,True,True,False
21,7,89,7,3,5,4,10,0,2,6,3,1,False,True,False,False,False
23,2,78,2,9,4,0,11,1,2,9,8,1,False,False,False,True,False
21,1,92,7,7,7,5,7,1,7,2,1,1,False,False,True,False,False
21,4,76,7,3,4,3,9,0,2,9,6,1,False,True,True,False,False
24,4,86,4,1,9,4,5,1,6,7,7,0,False,False,True,True,False
20,9,63,4,8,4,1,3,1,6,6,9,1,True,True,False,False,False
20,1,82,1,4,8,7,10,0,4,7,2,0,False,False,True,True,False
19,6,72,4,2,8,4,7,1,8,1,7,1,False,False,True,True,False
21,5,47,5,6,8,6,5,0,4,6,4,0,True,True,True,False,True
19,4,56,4,8,7,5,5,0,3,5,3,1,False,False,True,False,False
23,1,63,4,3,4,0,10,2,3,8,4,0,True,True,True,False,False
22,9,40,7,4,8,5,7,1,1,6,2,0,True,False,True,False,False
20,6,46,5,6,4,1,1,1,4,6,4,0,False,False,False,False,True
22,9,95,5,2,5,5,4,1,9,7,7,0,True,True,True,False,True
23,0,92,9,4,7,2,2,0,5,2,2,0,False,True,False,False,True
19,0,67,7,1,8,7,11,1,6,8,9,1,False,False,False,True,False
21,0,77,9,8,7,2,1,1,9,7,2,0,True,True,False,True,False
21,9,57,9,8,5,2,3,1,9,3,6,1,False,False,True,True,False
21,6,98,5,1,5,0,3,0,7,6,5,0,False,True,True,True,False
20,2,81,3,3,5,5,10,1,7,6,6,1,False,True,False,False,False
23,5,55,1,9,9,5,1,0,2,3,4,0,False,True,False,True,False
24,6,47,8,8,8,2,10,0,2,2,1,1,False,False,True,True,False
19,9,78,7,9,7,2,1,1,3,8,1,0,False,False,True,False,False
21,7,70,8,4,8,5,3,2,4,2,8,1,False,True,False,False,True
21,6,91,4,7,7,0,6,1,4,5,6,0,False,False,True,False,False
21,9,61,3,8,8,0,9,1,8,6,8,1,False,True,False,False,True
19,0,90,6,7,5,0,11,1,7,9,8,1,True,False,False,False,True
22,5,63,8,3,5,5,1,1,6,2,2,0,False,False,True,True,False
21,5,99,3,2,4,1,6,0,4,6,4,0,True,True,True,True,False
21,2,89,2,5,5,6,2,0,6,9,8,0,False,False,True,False,True
19,5,71,7,8,8,6,7,0,2,5,7,2,True,True,False,False,True
20,4,59,5,8,7,2,9,0,6,1,7,2,True,True,True,True,False
19,2,71,4,9,7,1,2,0,2,6,6,0,False,False,False,True,False
20,0,70,8,7,5,4,9,2,3,7,1,1,False,False,True,True,False
21,9,69,9,4,4,2,8,0,2,2,8,2,False,False,True,False,False
20,9,78,3,2,6,0,3,1,7,7,7,0,True,False,False,False,False
20,8,66,5,4,4,0,6,1,4,6,1,0,False,False,False,False,False
23,7,59,4,1,6,4,3,0,6,2,8,0,False,True,True,True,False
20,0,49,1,3,6,7,8,0,4,3,1,0,True,False,True,False,True
24,5,61,3,4,6,6,5,1,6,5,1,0,True,False,False,True,False
21,7,76,9,5,7,2,8,0,5,2,9,2,False,True,False,True,False
23,5,44,9,6,7,7,10,2,8,7,7,2,False,False,False,False,True
19,3,78,8,7,4,6,9,1,1,7,8,2,False,False,False,False,False
23,6,73,1,3,8,0,4,0,3,1,9,0,False,False,False,False,False
19,0,50,9,6,8,7,8,1,3,5,6,2,True,False,True,True,False
23,2,86,2,8,4,5,6,1,6,7,4,1,False,True,False,False,True
21,4,85,8,5,7,5,5,0,9,2,5,1,False,False,False,False,True
23,7,81,2,8,7,5,3,2,8,1,7,1,False,False,True,False,False
20,5,82,3,7,4,1,7,1,7,8,2,0,False,False,False,False,True
23,9,77,9,3,5,2,11,0,2,3,8,2,False,True,False,False,True
22,9,53,2,9,5,7,10,0,7,1,9,2,True,False,False,False,True
19,3,57,5,1,7,3,2,1,8,4,7,0,True,True,False,False,False
22,1,65,4,1,4,5,6,0,2,6,8,1,True,False,False,True,False
19,4,92,2,6,7,5,1,1,7,4,4,0,True,True,True,True,False
24,1,88,3,8,9,1,10,0,1,8,9,1,True,True,False,True,False
20,6,67,8,9,5,6,6,1,6,3,1,2,False,False,False,False,True
20,8,67,8,6,7,6,5,1,3,6,4,1,True,True,False,False,False
24,8,45,2,9,8,7,9,1,4,2,6,2,False,True,True,False,True
23,6,84,4,5,6,5,4,0,4,6,9,1,False,True,False,True,False
20,6,42,6,6,8,7,9,1,7,8,4,1,True,True,False,False,True
20,8,63,4,3,6,1,9,1,6,8,7,0,False,False,True,False,True
23,7,88,1,1,4,3,10,0,9,3,6,1,True,True,False,True,False
23,2,52,9,4,8,7,2,0,9,5,8,1,True,True,True,True,False
19,2,72,5,1,9,0,6,1,9,9,2,0,True,False,True,True,False
22,2,50,7,2,7,7,2,2,8,8,7,0,False,True,True,False,False
22,2,44,8,8,6,3,4,1,8,7,5,1,True,False,False,False,True
22,8,56,9,3,7,4,10,2,3,6,1,1,True,True,False,True,False
24,2,40,3,6,8,5,11,1,1,7,4,1,True,True,True,True,False
23,6,97,7,4,9,3,6,1,2,9,6,0,True,True,False,True,False
24,3,46,5,6,9,5,11,0,7,1,4,2,False,False,False,False,True
20,1,79,2,1,7,0,11,1,7,3,4,0,False,False,False,True,False
20,6,77,6,6,7,4,4,2,2,9,4,0,False,False,False,False,True
21,1,72,5,9,7,3,4,2,5,1,4,1,False,True,True,False,True
20,4,49,7,2,7,4,1,1,8,9,2,0,False,False,False,False,False
24,6,84,3,1,8,2,6,0,7,2,8,0,False,True,True,True,False
19,5,40,6,4,6,2,7,1,6,5,8,1,False,True,True,False,True
20,7,91,7,5,7,0,3,2,1,3,4,0,False,True,True,True,False
22,7,81,6,4,9,2,11,1,9,2,7,1,False,False,True,False,True
21,2,59,8,3,6,7,11,1,8,2,3,2,True,True,False,False,True
22,4,97,3,2,4,3,1,2,2,9,1,0,True,True,False,True,False
22,2,58,4,1,5,3,2,0,6,1,6,0,False,True,False,False,False
21,2,68,5,1,8,3,2,1,8,5,9,0,False,True,True,False,False
22,1,72,9,8,4,5,8,0,1,6,3,2,True,True,False,False,True
22,5,64,7,3,5,2,10,2,7,3,8,2,False,True,False,False,True
20,7,69,6,8,7,7,10,1,9,8,2,1,False,True,False,False,True
19,4,44,6,1,7,1,9,0,1,7,1,0,False,True,True,True,False
19,7,41,7,6,6,5,4,2,6,2,2,1,True,True,False,False,False
19,9,58,6,1,5,1,7,2,6,4,5,1,True,True,False,False,True
22,2,66,8,3,8,0,1,0,4,4,7,0,True,False,False,False,True
22,2,66,8,5,5,1,5,2,1,6,2,0,False,True,False,False,False
24,0,96,6,5,8,7,2,1,7,5,8,1,True,False,False,False,False
21,1,42,5,9,7,0,8,1,7,1,5,1,False,False,False,False,False
23,0,53,5,4,8,6,3,1,5,2,1,0,False,True,False,False,True
24,2,42,7,1,4,1,1,2,2,1,3,0,False,False,False,False,False
23,6,42,6,7,8,0,8,1,5,3,4,1,True,False,False,True,False
21,5,57,9,1,9,2,11,1,2,7,3,0,False,True,False,False,True
22,8,83,7,2,6,0,7,1,7,8,6,0,False,False,False,True,False
24,3,96,7,7,8,3,3,2,3,6,6,1,False,False,False,True,False
20,2,41,3,4,8,3,9,0,6,7,7,0,False,True,True,False,True
23,8,43,9,5,6,0,9,0,7,2,1,1,True,False,True,True,False
23,5,98,7,6,7,7,4,1,1,9,9,1,True,True,False,False,True
23,2,67,8,6,9,6,4,2,8,8,7,1,True,False,True,True,False
23,3,85,5,3,5,0,11,0,5,6,3,1,True,False,False,True,False
20,7,82,9,5,5,2,6,0,9,8,2,1,True,True,False,False,False
22,7,42,2,1,6,7,2,1,1,8,4,0,False,True,False,True,False
19,2,58,5,7,8,1,3,2,7,3,4,0,False,True,True,True,False
21,4,45,9,5,8,1,10,2,8,1,7,2,False,False,True,True,False
23,5,80,2,3,7,7,7,2,1,1,9,1,False,False,False,False,False
24,7,83,4,2,7,5,5,1,2,4,4,0,False,False,True,False,True
23,6,80,9,6,4,6,9,1,4,2,5,2,True,False,False,True,False
22,2,41,9,3,5,1,7,0,7,1,3,1,True,False,True,False,False
23,9,98,1,1,8,4,4,1,6,8,3,0,True,False,True,False,True
20,9,51,1,7,5,6,5,1,7,1,5,1,False,True,True,True,False
21,4,47,8,1,8,3,8,2,1,6,9,1,True,False,False,False,True
19,9,41,3,8,4,6,4,2,4,6,4,1,True,True,True,False,False
19,7,80,9,1,6,6,1,2,2,5,2,0,True,False,False,True,False
24,2,70,5,1,9,3,9,1,6,6,3,0,False,True,True,False,True
20,8,64,8,9,7,0,6,0,9,3,6,1,False,False,True,False,True
21,9,62,7,6,8,3,8,2,3,4,2,1,True,True,False,False,False
21,5,56,3,2,9,3,4,2,9,8,4,0,True,True,False,False,False
24,0,99,9,9,6,0,7,0,3,4,1,1,True,True,False,True,False
24,3,49,5,2,8,0,4,0,6,2,4,0,True,False,True,False,False
23,2,69,7,5,5,1,2,0,4,4,5,1,False,True,False,True,False
19,0,43,5,1,9,1,5,0,5,8,4,0,True,True,True,True,False
22,5,90,5,6,9,1,11,0,7,3,2,1,False,True,False,False,True
24,1,54,5,3,6,4,3,2,9,3,2,0,False,False,False,True,False
21,1,77,6,3,9,1,8,1,4,6,2,0,True,False,False,True,False
19,5,74,9,6,5,7,6,1,4,9,1,1,False,False,True,True,False
21,4,46,4,8,4,3,3,0,7,5,7,1,False,True,True,True,False
22,4,49,9,6,5,2,9,1,5,3,8,2,True,True,False,False,False
20,4,65,7,5,6,3,1,0,8,3,6,1,True,False,True,False,True
19,2,41,2,9,5,5,8,1,5,3,2,1,True,False,True,False,True
22,8,54,6,5,4,3,6,1,6,7,1,0,True,False,True,True,False
23,0,77,7,5,4,6,9,1,6,7,1,1,False,True,True,False,False
19,4,67,7,8,8,1,5,2,7,7,9,1,True,False,True,True,False
22,5,86,7,5,4,1,4,0,1,6,8,1,True,True,True,False,True
22,1,66,4,5,4,3,8,1,2,9,8,1,False,False,False,True,False
22,4,99,4,6,7,6,3,1,2,8,8,1,False,False,False,False,True
24,6,41,1,9,7,4,10,1,6,4,3,1,False,True,False,True,False
22,2,99,9,7,5,5,5,1,2,2,1,1,False,True,False,False,True
19,3,57,9,9,4,0,3,2,7,1,4,1,False,True,True,True,False
21,9,84,7,8,9,1,5,0,8,7,8,1,False,False,False,True,False
24,8,85,7,8,8,2,3,0,2,4,3,0,True,False,True,False,True
24,9,83,3,2,9,0,2,0,2,9,9,0,False,True,False,True,False
20,1,56,4,1,9,3,3,1,4,2,6,0,False,False,True,False,False
19,5,94,2,9,7,4,6,1,1,1,5,1,True,False,False,False,False
19,8,42,2,2,9,4,11,0,2,5,8,1,True,True,False,False,False
20,5,41,3,7,8,1,8,1,8,1,5,1,True,True,True,False,False
21,1,85,8,8,4,2,4,1,4,6,8,1,False,False,False,False,True
23,4,91,2,1,9,4,7,0,4,4,1,0,True,False,False,True,False
21,6,75,1,5,9,1,11,1,7,1,3,0,False,True,True,False,False
23,4,71,4,3,6,3,7,1,8,2,2,0,False,False,True,True,False
19,4,90,8,9,6,7,8,2,6,6,5,2,False,True,True,False,True
22,2,58,8,7,9,4,1,2,4,9,5,0,False,False,True,False,True
21,0,86,6,8,8,4,2,1,9,3,3,0,False,True,True,False,True
22,8,99,4,8,5,6,11,0,3,4,7,2,True,True,True,False,False
22,3,88,5,4,5,6,4,1,4,2,7,1,False,False,False,False,False
21,9,55,9,1,8,6,5,0,1,5,2,0,False,False,True,True,False
23,0,97,9,1,9,6,10,1,8,7,6,1,False,True,True,False,True
24,0,47,4,4,7,7,10,1,4,3,1,1,True,True,True,False,False
19,5,78,8,9,9,1,1,1,5,1,3,1,True,True,False,True,False
19,6,88,8,9,9,0,3,0,7,2,5,1,False,False,True,False,False
19,7,64,4,4,9,2,7,2,4,3,1,0,True,True,True,True,False
22,5,49,4,8,7,0,1,2,1,1,5,0,True,False,False,False,True
22,9,53,5,1,7,5,2,0,4,9,4,0,False,False,True,True,False
19,5,41,9,7,7,0,10,1,3,3,4,1,True,True,False,True,False
22,4,66,4,6,9,5,9,1,2,2,9,1,True,True,True,False,False
19,4,62,7,5,5,0,5,1,3,2,6,1,True,False,True,False,False
24,3,72,4,7,5,6,10,1,8,7,9,2,True,True,False,False,True
21,6,77,9,6,8,6,4,0,2,5,8,1,False,False,False,False,True
21,5,47,4,1,4,5,7,2,1,6,4,0,True,True,True,False,True
19,5,86,1,7,8,1,11,0,2,5,9,1,True,False,True,False,True
22,0,62,7,6,7,0,2,0,1,5,9,0,False,True,True,False,False
21,4,50,4,7,4,2,4,0,6,3,3,1,True,True,True,True,False
22,0,74,8,3,9,3,4,1,8,8,9,0,True,False,False,True,False
19,6,95,4,1,5,5,4,1,8,8,2,0,False,True,True,True,False
20,7,85,3,5,4,7,6,1,1,9,3,0,True,False,True,True,False
24,3,42,5,7,8,7,3,2,8,5,7,1,False,False,False,True,False
21,4,76,4,6,4,0,11,1,2,9,5,1,True,True,True,False,True
24,2,48,9,8,9,5,9,0,2,9,1,1,True,True,True,False,False
20,1,86,1,7,8,1,10,1,5,3,2,0,False,True,False,False,True
23,2,86,8,4,9,6,10,1,5,2,4,2,True,False,False,False,True
23,2,82,8,4,8,7,8,0,4,4,4,1,False,True,False,True,False
19,9,48,5,3,7,3,3,0,8,9,3,0,False,False,True,False,False
20,2,73,8,5,6,4,11,1,4,7,4,1,False,False,False,True,False
20,0,48,7,8,6,3,8,0,4,3,3,1,False,False,False,True,False
23,7,74,3,3,4,5,11,2,5,3,3,1,False,False,False,True,False
24,0,72,9,8,8,3,7,1,9,4,4,1,True,False,True,False,False
20,3,81,1,7,8,3,11,1,9,7,8,1,True,False,False,True,False
21,1,89,9,5,9,6,9,1,2,7,9,2,True,False,False,False,False
20,7,55,6,7,7,0,5,2,1,3,4,1,True,False,False,False,True
21,0,61,2,8,5,0,8,1,6,3,8,1,True,False,True,False,True
20,7,60,7,2,9,0,4,1,3,6,7,0,True,True,True,False,True
21,2,88,6,2,4,6,6,2,8,6,2,0,True,True,True,True,False
20,2,98,5,3,4,0,10,1,8,1,3,1,True,False,True,False,True
19,0,64,4,3,6,3,10,0,9,1,6,1,False,True,False,True,False
23,0,47,6,4,9,7,9,2,8,7,7,1,False,False,False,False,False
19,5,57,1,7,8,1,10,2,5,4,8,1,True,True,True,True,False
24,4,62,5,1,5,4,6,0,2,7,1,0,False,False,False,False,True
21,3,93,3,5,6,5,9,0,6,2,2,1,False,True,True,True,False
22,3,79,5,8,9,5,2,1,7,6,9,1,False,True,True,True,False
20,1,74,1,3,9,6,5,0,5,6,6,0,False,True,False,False,False
20,6,78,7,7,9,7,8,1,7,4,6,2,True,False,False,True,False
19,3,98,5,4,8,3,4,1,1,2,9,1,True,True,True,True,False
22,6,68,3,4,6,7,10,2,2,1,4,2,True,True,False,True,False
22,0,78,7,2,9,3,9,0,9,5,1,0,False,False,True,False,False
21,5,96,6,8,4,7,3,2,7,2,5,2,False,True,True,False,False
20,9,65,8,3,7,5,10,0,8,8,1,0,False,False,True,True,False
24,9,88,9,8,5,6,2,0,3,5,5,1,False,True,True,True,False
23,4,79,1,2,5,7,4,2,2,5,6,0,True,True,True,False,True
20,8,85,9,9,8,5,9,0,4,1,4,2,True,False,False,False,False
22,3,58,4,4,9,2,2,2,8,5,4,0,True,True,False,True,False
19,0,46,6,5,9,4,2,2,2,2,5,1,True,False,False,False,False
24,3,59,8,8,5,3,1,1,7,4,2,1,False,False,True,False,True
21,2,51,7,3,5,0,11,0,9,1,6,2,True,True,False,True,False
22,2,62,2,5,7,5,9,0,4,1,8,2,True,False,False,True,False
22,6,58,4,7,5,0,5,1,7,8,8,1,False,True,False,True,False
22,8,54,3,7,4,0,8,1,7,2,8,1,False,False,False,False,False
23,8,80,9,4,5,4,7,1,7,5,6,1,False,False,False,True,False
22,8,84,7,6,6,2,8,0,8,1,8,2,True,False,True,False,False
23,7,73,5,8,8,3,9,1,8,9,7,1,False,True,False,False,False
19,2,55,6,3,6,4,7,0,9,8,1,0,False,True,False,False,False
24,4,65,7,4,8,1,7,0,7,3,2,0,False,True,False,True,False
22,6,42,1,4,8,0,5,0,6,1,2,0,False,False,False,False,True
21,9,56,5,2,9,6,5,0,8,5,6,0,False,True,False,False,True
21,3,70,4,5,6,3,4,1,2,7,4,0,False,True,False,False,True
23,2,49,8,7,6,1,3,1,6,4,8,1,True,False,True,True,False
21,4,45,2,9,7,6,2,0,9,1,1,1,False,True,False,False,True
20,2,81,7,2,5,4,8,0,2,1,6,1,False,True,True,False,True
19,5,57,3,9,5,7,1,1,5,5,7,1,False,False,False,False,True
20,7,55,6,4,8,4,1,0,7,8,2,0,False,True,False,True,False
23,2,65,3,9,7,2,5,0,8,3,1,0,True,False,False,True,False
19,9,72,4,3,5,7,8,2,1,3,4,1,True,False,True,True,False
23,5,58,4,5,9,7,10,1,6,9,2,0,True,False,False,True,False
23,7,76,2,4,5,0,3,0,6,8,5,0,True,False,True,False,True
19,8,94,9,9,9,5,2,0,4,1,9,2,True,False,True,False,True
21,6,59,2,8,8,6,2,1,9,8,9,1,False,False,False,False,True
24,7,54,5,8,5,1,2,1,2,1,4,1,False,False,False,False,False
20,2,44,2,8,7,2,1,1,5,1,1,0,True,False,True,False,False
23,5,95,1,1,5,0,5,2,2,3,6,0,False,False,False,False,False
21,0,47,4,2,8,3,4,0,3,9,8,0,True,True,True,True,False
23,9,63,4,4,5,3,7,2,4,8,9,1,True,True,False,True,False
19,5,66,5,8,5,7,8,2,9,4,8,2,True,False,False,False,True
22,1,73,2,5,4,3,6,1,7,3,6,1,False,True,False,False,True
21,3,84,9,5,5,3,8,1,6,7,1,1,False,True,False,False,True
21,4,90,2,8,6,5,9,0,8,9,6,1,True,False,True,False,True
20,4,68,5,9,4,6,2,2,4,1,3,1,True,True,True,False,False
19,0,54,9,5,5,6,7,2,3,1,7,2,False,True,True,False,True
19,5,51,5,4,6,3,1,2,1,6,6,0,False,False,False,True,False
24,1,63,5,3,8,3,9,1,3,7,5,0,False,False,True,False,True
21,3,90,3,4,5,7,1,1,9,8,1,0,True,True,True,True,False
23,2,50,5,2,4,0,2,2,1,7,5,0,True,True,True,True,False
22,7,88,5,6,4,4,10,1,7,3,7,2,False,False,True,False,True
24,8,93,8,8,9,1,6,0,9,5,6,1,False,False,True,False,True
19,2,68,3,2,5,0,9,1,3,8,4,0,False,True,True,False,True
22,3,92,9,6,9,5,6,2,6,1,8,2,True,True,True,False,False
21,2,48,4,5,6,1,6,1,8,9,2,0,True,True,False,True,False
20,3,43,5,3,8,0,10,2,9,1,4,1,False,False,False,False,False
22,8,52,5,6,5,4,11,1,1,5,3,1,False,True,False,True,False
21,6,96,9,5,5,0,4,1,9,6,4,1,False,True,False,False,False
24,0,54,2,7,9,6,7,1,8,6,5,1,True,True,False,False,True
22,5,55,6,6,6,2,4,1,4,2,1,1,False,True,False,False,False
21,3,47,5,8,9,2,3,0,8,7,6,0,True,False,True,False,False
21,1,47,3,7,8,5,8,0,9,8,8,1,True,False,True,False,True
19,4,41,8,3,6,2,1,1,8,6,6,0,False,True,True,False,False
24,1,81,2,2,9,4,1,0,6,3,7,0,False,True,True,False,True
21,3,72,7,9,9,7,2,0,2,9,4,1,False,True,False,False,False
21,9,73,3,1,8,5,1,0,8,2,9,0,True,True,True,False,False
19,4,43,1,6,9,2,6,1,7,3,5,0,False,True,False,True,False
21,9,82,7,3,9,1,9,2,1,2,1,0,False,False,True,False,True
23,3,97,2,5,5,0,2,0,8,9,5,0,True,True,True,False,False
22,2,43,4,2,9,2,8,0,1,8,8,0,False,True,True,False,False
24,9,54,8,1,4,6,7,0,4,6,9,1,True,False,True,True,False
22,2,62,6,5,6,3,2,1,2,8,4,0,True,False,True,True,False
22,2,49,4,7,8,2,1,0,2,4,8,0,True,False,False,True,False
23,3,85,3,9,6,2,4,1,5,5,8,1,False,False,False,False,True
23,8,61,9,5,4,6,1,0,9,2,9,2,False,False,False,True,False
21,1,63,5,2,7,3,11,1,6,7,9,1,True,False,False,False,True
20,4,82,8,2,4,5,8,1,3,8,2,1,False,True,False,False,False
19,8,93,2,6,9,7,9,0,7,3,3,1,False,True,False,True,False
24,5,50,4,5,5,4,3,0,5,4,5,1,True,False,False,False,True
24,6,97,8,5,6,7,11,0,9,8,3,1,True,True,False,False,False
21,9,65,5,6,5,6,8,0,6,3,3,1,True,False,True,False,False
23,8,85,8,3,7,7,4,0,2,4,1,1,True,True,False,False,True
21,7,42,1,5,5,2,1,2,7,8,2,0,True,True,False,False,True
21,0,77,1,5,4,0,4,1,6,8,6,0,False,True,True,False,False
21,2,55,3,3,8,2,7,1,7,6,9,0,True,True,False,True,False
23,4,80,4,4,7,5,2,1,8,3,6,0,False,False,True,False,False
23,4,74,9,3,9,6,6,0,6,4,1,0,True,False,True,False,False
23,1,91,9,4,8,5,10,0,7,8,9,2,False,True,False,True,False
22,8,56,1,9,4,6,7,1,5,2,5,1,True,False,True,False,False
22,8,54,7,1,7,4,8,1,1,2,8,1,True,False,True,True,False
24,2,52,6,1,4,5,7,1,6,4,1,1,True,True,False,True,False
21,6,75,7,8,9,3,10,2,7,9,9,1,True,True,True,False,True
24,3,52,3,5,8,5,1,2,9,6,1,0,False,False,True,False,False
23,7,82,3,2,6,7,8,1,9,5,5,1,False,True,True,False,True
19,7,66,3,2,9,2,11,2,1,1,6,1,True,False,True,False,True
19,1,46,8,1,5,2,1,2,2,8,4,0,False,False,True,False,False
19,1,46,9,5,6,5,9,1,5,3,6,2,True,True,False,False,False
23,8,46,1,6,6,2,2,2,9,8,4,0,True,False,False,False,False
21,0,49,2,9,7,0,2,0,5,7,9,0,False,False,True,False,True
24,3,85,9,2,9,7,11,0,3,2,5,2,True,False,True,True,False
22,7,93,9,7,6,3,4,1,3,8,8,1,True,False,True,False,False
22,7,57,8,7,9,7,8,2,1,9,1,1,False,False,False,True,False
22,8,61,5,9,6,7,5,1,6,3,6,2,True,False,False,False,True
22,1,74,8,6,8,2,6,0,7,3,4,1,True,True,True,False,True
24,3,57,1,9,8,2,3,1,4,9,2,0,True,False,False,False,False
23,5,48,9,6,6,4,2,1,4,5,5,1,False,True,False,True,False
24,6,45,4,4,8,6,5,0,6,1,6,1,True,True,False,True,False
19,6,57,9,5,8,7,11,2,4,1,4,2,True,True,False,False,True
24,1,49,5,1,5,5,3,0,5,6,2,0,False,False,False,False,False
20,4,45,3,6,7,4,2,0,6,9,6,0,True,False,True,True,False
20,0,52,1,2,8,4,9,0,9,2,9,1,True,True,False,False,False
22,5,65,4,9,9,4,8,2,7,8,9,1,False,True,True,False,False
23,0,81,7,4,4,6,3,1,8,3,7,1,False,False,True,False,True
23,3,74,7,1,7,7,7,2,2,6,8,1,False,True,False,False,False
20,5,55,2,5,7,1,9,1,6,8,4,0,True,True,False,False,True
20,8,53,1,2,9,3,4,1,6,5,7,0,False,False,False,False,False
22,0,54,6,9,9,3,10,1,8,7,6,1,True,False,True,True,False
23,7,77,9,7,4,0,2,1,7,2,3,1,True,True,False,False,False
20,8,77,2,6,9,5,3,1,7,9,2,0,False,True,True,True,False
19,8,54,6,4,8,1,1,0,7,7,1,0,True,True,True,False,True
24,4,45,8,9,6,6,2,0,3,8,1,0,True,False,True,False,True
23,1,53,5,8,4,4,10,1,8,2,2,2,False,False,True,True,False
22,3,58,7,6,5,0,10,1,2,2,2,1,False,False,True,False,False
19,6,75,9,7,9,6,10,2,9,5,4,1,False,False,True,False,True
24,2,48,9,2,9,0,6,0,8,3,3,0,False,False,False,False,False
19,5,65,1,2,8,1,2,1,5,1,2,0,False,False,False,False,True
19,8,68,1,5,6,0,1,2,8,4,2,0,True,True,False,True,False
19,9,43,7,8,8,5,1,1,7,7,1,0,True,False,True,True,False
19,8,83,7,7,8,6,9,0,3,4,7,2,True,False,False,True,False
24,7,80,9,4,6,7,7,0,8,1,4,2,False,False,False,False,True
20,1,81,3,8,8,3,4,1,1,5,4,0,False,True,False,False,True
22,1,62,5,6,9,7,7,2,6,3,7,1,False,True,False,False,True
20,5,78,3,9,9,4,7,0,9,5,2,1,False,False,False,True,False
23,4,61,4,8,4,6,10,1,3,3,7,2,False,True,True,True,False
19,0,98,3,5,9,5,1,1,5,5,6,0,False,True,False,False,False
24,1,89,9,5,7,3,6,1,7,3,9,2,True,True,False,True,False
23,9,59,3,4,7,1,11,0,3,6,9,1,False,True,False,False,False
24,6,81,7,5,8,5,6,0,2,5,3,1,False,True,True,True,False
19,3,76,2,1,5,3,11,2,5,7,8,1,True,False,True,False,True
23,3,47,3,6,9,1,9,1,4,7,8,1,False,True,False,False,False
23,7,59,5,9,8,0,6,2,2,3,3,1,False,False,False,False,False
22,5,58,8,8,4,1,3,0,8,3,2,1,False,True,False,True,False
23,6,66,8,2,6,2,1,1,2,5,2,0,False,True,True,False,False
21,8,82,9,4,4,6,4,1,5,1,4,2,True,False,False,True,False
21,8,57,5,1,7,2,4,2,2,1,5,0,False,True,True,True,False
19,0,50,5,9,7,2,1,0,8,6,8,0,False,False,True,False,True
19,8,50,3,1,7,5,1,2,7,7,1,0,False,True,False,False,False
23,3,47,7,9,5,7,3,1,2,5,6,2,False,False,False,True,False
23,5,51,7,2,9,6,6,1,2,6,3,0,False,False,False,False,False
19,8,97,6,4,6,2,1,0,2,5,8,0,False,True,True,False,True
24,1,63,3,4,7,5,11,2,6,1,8,2,True,True,False,False,False
21,1,43,8,4,9,1,2,1,8,3,9,1,False,False,False,False,False
19,2,96,6,2,6,6,4,1,2,9,3,0,False,False,False,True,False
23,1,72,2,7,7,1,9,1,3,8,2,0,True,True,False,True,False
21,8,95,5,5,8,0,5,1,8,8,7,0,True,True,False,False,False
24,2,88,2,8,7,4,6,1,8,5,6,1,True,True,False,True,False
24,0,89,9,4,6,0,4,0,8,9,8,0,True,False,False,True,False
23,6,65,6,9,7,5,5,0,2,3,3,1,False,False,False,False,False
19,9,73,7,5,7,6,3,2,7,5,4,1,True,True,True,False,False
21,2,78,9,4,9,3,7,1,8,7,2,0,False,False,True,False,False
22,8,95,3,5,5,2,11,1,1,4,9,2,True,False,False,False,False
23,8,65,9,3,6,0,9,1,1,1,4,1,True,True,False,False,True
20,6,58,9,7,8,5,3,1,7,4,2,1,False,False,False,False,False
24,8,83,1,5,7,7,3,1,9,3,1,0,True,True,True,False,False
23,7,99,6,2,5,3,9,1,7,4,3,1,True,True,False,False,True
21,4,86,5,7,4,1,1,2,4,1,1,0,True,True,False,False,True
20,2,60,5,4,4,4,8,0,7,6,4,1,True,False,False,False,False
20,2,75,8,5,8,4,9,0,2,7,6,1,True,False,True,True,False
23,3,69,2,4,8,2,4,0,6,4,3,0,True,True,True,False,True
19,6,90,4,4,4,7,5,0,7,2,6,1,False,False,True,False,False
21,9,77,3,4,5,5,7,2,1,6,5,1,False,False,False,False,False
21,5,70,9,2,9,2,2,1,6,9,6,0,True,False,False,True,False
21,7,78,7,9,6,1,10,1,2,6,4,1,False,True,True,False,False
24,2,93,1,5,5,7,8,2,8,3,4,1,True,False,False,True,False
19,8,84,6,8,5,1,8,2,5,4,8,1,False,True,True,False,True
19,2,42,8,7,6,7,3,2,8,5,5,1,True,False,False,False,True
24,3,47,7,8,8,5,4,1,7,9,3,0,False,True,True,True,False
22,5,50,3,2,7,1,4,1,7,6,1,0,False,False,False,False,False
23,9,86,4,4,8,2,11,1,1,9,4,0,True,False,True,True,False
24,6,70,2,3,8,1,4,0,9,2,7,0,False,False,False,True,False
24,4,90,6,2,7,3,5,0,1,3,5,0,False,True,True,True,False
21,7,54,1,8,4,7,5,1,3,3,1,1,False,True,True,False,True
24,3,42,7,5,6,5,1,2,4,7,9,1,False,False,True,True,False
23,5,81,7,1,6,5,8,2,9,4,6,1,True,False,False,False,False
22,5,59,9,1,4,4,10,0,6,5,7,2,True,True,False,True,False
24,7,97,5,2,7,6,10,0,7,5,4,1,False,True,False,True,False
19,2,57,2,5,9,1,10,1,4,4,6,0,True,False,True,False,False
21,9,41,2,6,6,7,5,1,1,9,4,0,False,False,True,True,False
23,6,40,8,9,8,1,10,0,1,6,5,1,True,True,True,False,False
19,2,56,4,4,9,5,11,0,4,1,9,2,True,False,False,False,False
21,5,55,7,3,7,3,9,2,4,3,9,1,False,False,True,False,False
19,9,53,1,4,5,5,3,1,1,6,2,0,False,False,False,False,False
22,6,72,7,9,9,7,8,1,1,8,6,1,False,False,True,False,True
20,1,76,4,3,7,2,6,0,6,9,7,0,False,True,False,True,False
22,5,70,7,4,7,5,8,1,8,7,6,1,True,False,False,False,True
24,3,45,8,7,4,7,4,1,1,5,4,1,False,True,True,True,False
24,0,47,1,3,5,2,2,1,8,6,4,0,True,True,True,True,False
19,7,41,4,4,8,4,6,2,2,8,1,0,True,False,True,True,False
23,5,54,5,1,4,2,5,1,1,4,5,0,True,True,True,False,False
19,3,56,9,2,9,7,9,0,7,5,8,2,False,True,False,False,False
20,5,64,9,5,7,4,2,1,9,3,7,1,True,False,False,True,False
24,2,58,4,8,9,2,11,1,7,9,9,1,True,True,False,False,False
22,3,56,4,2,8,1,1,0,5,7,8,0,False,True,True,False,False
22,3,51,7,8,9,1,1,0,3,2,8,1,True,False,True,False,True
23,4,99,2,2,6,7,8,1,3,4,4,1,True,False,False,False,True
20,3,48,4,2,6,7,1,1,8,3,3,0,True,True,True,False,True
24,9,42,9,8,5,4,6,2,1,4,5,2,False,False,True,True,False
22,1,93,8,9,6,0,8,1,6,4,6,1,True,False,True,False,False
22,6,53,1,5,9,7,9,0,3,9,3,0,False,False,True,False,True
22,4,43,7,3,9,2,11,1,8,7,2,0,False,True,False,False,True
20,1,86,8,5,8,1,3,1,4,2,6,1,False,False,True,False,True
24,3,55,2,3,9,3,8,2,9,1,8,1,True,True,True,False,True
23,4,47,9,7,8,1,9,0,6,2,1,1,False,True,True,True,False
24,8,75,2,4,5,0,1,1,1,9,6,0,True,True,False,False,False
21,7,71,1,2,7,6,5,1,7,2,2,0,True,True,False,True,False
19,9,85,7,2,7,5,1,0,5,1,6,1,True,True,False,False,True
24,2,98,9,2,8,0,5,0,3,5,9,0,True,False,True,False,True
23,3,91,4,1,4,7,1,1,8,6,7,0,False,False,False,True,False
24,8,75,9,9,7,5,9,2,5,5,3,2,True,True,False,True,False
23,6,68,8,6,7,6,6,0,2,4,8,2,False,True,False,False,False
23,4,52,1,4,8,0,6,1,3,9,5,0,True,True,True,True,False
19,6,77,6,5,8,0,7,1,4,5,7,1,True,True,False,False,True
21,5,73,9,2,7,4,1,1,2,6,9,0,True,False,True,False,True
19,6,54,5,7,7,5,4,1,8,7,3,0,False,False,False,False,False
20,9,55,8,3,5,3,4,2,7,9,6,0,False,True,False,False,True
20,2,66,3,9,8,0,7,1,2,6,4,0,False,True,False,False,True
21,3,71,8,4,4,5,6,1,4,5,8,2,False,True,False,False,True
22,9,96,7,8,5,1,11,1,3,7,4,1,True,True,True,False,True
24,9,44,5,7,9,1,2,2,4,6,5,0,True,True,True,False,False
21,8,49,3,1,7,5,6,1,4,8,3,0,False,False,False,False,True
23,9,48,6,9,8,1,1,0,7,4,8,1,False,False,False,False,False
21,8,93,3,3,7,0,7,0,3,8,9,0,False,False,False,False,True
23,8,96,1,3,5,3,11,1,9,3,8,1,True,False,False,False,False
23,8,75,8,1,8,6,6,0,2,6,7,1,True,False,False,True,False
19,9,60,9,8,4,1,3,0,7,9,1,0,False,True,True,True,False
20,9,75,2,6,5,2,9,0,8,1,3,1,True,True,False,False,False
21,9,99,9,7,4,0,9,1,3,5,4,1,False,True,False,False,False
21,3,82,1,8,7,7,1,1,8,9,2,0,True,False,False,False,True
24,6,76,2,4,5,6,7,1,5,3,5,1,True,False,False,False,False
22,7,54,7,8,9,0,10,1,7,3,2,1,True,True,False,False,True
21,7,56,2,6,6,2,1,2,5,8,7,0,True,True,False,False,True
23,7,68,3,1,6,2,3,2,3,4,7,0,False,False,False,True,False
22,7,52,5,8,4,1,2,2,2,9,3,0,True,True,True,False,False
23,6,57,4,9,9,3,2,1,7,2,3,0,True,False,True,False,False
21,2,60,7,5,6,1,6,0,2,3,6,1,False,True,False,False,True
23,5,66,2,8,6,6,3,1,5,9,1,0,False,True,True,True,False
23,8,42,5,3,5,0,1,1,3,6,4,0,False,False,True,False,False
22,4,56,3,3,5,3,4,0,9,7,7,0,False,False,True,True,False
23,8,82,1,1,7,7,8,1,9,8,1,0,True,True,True,False,False
21,2,50,8,7,9,5,4,0,4,3,4,1,False,False,False,False,True
23,5,81,3,5,8,5,10,2,5,3,2,1,False,False,True,True,False
20,2,93,4,8,4,0,7,1,7,3,8,1,True,True,False,False,True
24,3,89,6,7,9,2,4,0,1,6,2,0,False,False,False,True,False
22,5,75,8,2,6,4,4,0,9,9,2,0,False,True,False,True,False
20,9,86,2,9,5,2,1,0,1,9,5,0,True,True,False,False,False
23,5,42,5,6,4,1,10,0,7,6,9,2,False,False,False,True,False
22,5,77,5,2,5,2,4,2,8,8,9,0,False,False,False,False,False
22,9,89,3,9,7,1,8,1,2,7,3,0,False,True,False,True,False
20,5,41,9,2,5,3,10,1,6,3,2,1,True,True,True,True,False
24,3,70,1,9,8,3,6,0,1,9,1,0,True,False,False,False,True
24,2,48,1,8,8,7,10,1,3,3,6,2,True,True,False,True,False
23,4,46,9,8,7,1,6,1,8,4,5,1,False,True,False,True,False
20,1,84,7,9,5,2,5,0,8,3,5,1,True,False,True,False,False
23,4,55,3,1,7,4,11,1,5,5,4,1,True,False,False,False,False
23,2,49,7,7,9,5,1,0,8,8,4,0,False,True,False,True,False
20,5,68,4,5,7,7,4,1,9,1,3,1,False,False,True,False,True
23,3,72,1,4,7,2,2,0,6,1,5,0,True,True,True,True,False
19,0,66,9,8,9,5,7,0,4,1,4,2,True,True,False,True,False
20,3,59,3,8,4,4,10,2,4,5,3,1,False,False,False,False,False
20,9,56,1,6,9,6,9,2,1,1,3,1,False,True,False,False,False
24,7,71,4,5,5,4,10,0,9,8,8,1,True,True,False,False,False
24,8,51,6,1,8,7,7,1,2,4,1,0,True,True,False,False,False
20,8,81,9,7,5,1,3,2,1,5,3,1,True,False,True,True,False
19,8,76,6,2,7,3,7,2,1,7,7,1,True,False,False,False,True
23,4,64,2,7,4,7,11,0,1,4,2,1,True,True,True,True,False
19,7,59,9,2,4,5,9,1,6,9,7,1,False,False,False,False,False
20,7,64,5,9,4,1,3,1,3,8,4,0,True,False,True,True,False
21,4,82,7,4,9,7,10,1,6,6,7,1,True,True,False,True,False
23,2,90,1,2,4,7,4,2,5,8,2,0,True,False,False,False,True
20,3,59,2,6,9,2,1,1,9,7,8,0,True,True,True,False,True
23,2,99,3,1,5,6,11,0,6,1,7,1,False,False,True,False,True
21,3,48,3,7,9,5,11,1,8,5,5,1,False,False,True,False,True
20,9,52,6,4,7,4,4,2,5,7,8,0,True,False,True,False,True
23,6,86,3,8,4,4,5,1,6,4,1,1,False,False,True,False,True
21,4,56,5,2,4,1,1,0,6,1,8,1,True,False,False,True,False
22,9,91,6,8,8,4,1,1,5,1,1,1,False,True,False,False,True
21,9,52,2,9,6,1,7,2,1,8,9,1,False,False,True,False,False
22,2,80,7,7,4,1,9,2,3,3,5,1,False,False,True,False,False
21,4,88,5,4,7,0,3,1,7,3,1,0,False,False,False,True,False
19,0,66,6,6,4,7,5,1,2,6,2,1,True,False,False,True,False
20,1,56,8,5,5,0,7,1,7,7,5,1,True,False,True,False,False
22,1,58,9,9,4,7,3,1,4,8,6,1,True,False,True,True,False
22,4,54,1,5,8,2,6,1,7,5,6,0,False,False,False,False,False
23,1,48,7,9,6,0,4,0,3,6,8,1,False,False,True,False,False
21,6,79,8,9,8,4,9,0,8,4,2,1,False,False,False,False,True
20,6,86,2,2,5,5,4,1,3,7,1,0,False,False,True,True,False
19,8,92,9,7,4,5,8,1,9,9,2,1,True,False,False,False,False
20,2,67,8,5,7,3,5,1,1,8,1,0,True,False,True,False,False
20,8,74,9,3,7,4,4,0,9,5,2,0,False,True,False,True,False
23,4,58,5,1,7,2,4,2,1,9,7,0,False,False,True,True,False
20,9,66,3,6,6,4,5,2,4,6,2,0,True,True,False,True,False
20,6,55,7,3,7,0,2,2,2,3,7,0,False,False,True,False,False
20,0,89,4,4,5,2,5,1,4,3,1,0,False,True,False,False,True
20,3,67,7,5,7,7,1,2,3,1,8,1,False,True,True,False,False
22,0,49,4,6,9,7,11,1,8,3,8,2,True,False,False,False,True
22,3,63,7,4,8,7,2,0,9,8,3,0,True,False,False,True,False
20,4,65,7,4,6,4,2,2,6,1,8,1,True,False,True,False,True
21,4,80,4,3,9,0,10,0,7,9,8,0,True,True,True,False,False
23,3,50,7,1,8,6,6,1,8,2,1,0,False,True,True,False,False
20,8,48,6,6,9,4,4,1,3,7,6,0,True,True,False,False,True
19,0,45,4,2,9,1,2,1,4,6,2,0,False,True,False,False,True
24,3,74,2,2,9,2,1,2,4,5,1,0,True,False,False,True,False
20,7,83,3,3,7,7,3,1,2,4,7,1,True,True,False,False,False
21,5,87,4,1,7,6,2,1,4,9,9,0,False,True,False,True,False
23,6,76,2,7,9,4,10,1,7,1,9,1,False,False,True,False,True
19,2,50,2,1,5,0,11,0,4,3,8,1,False,False,True,False,False
20,4,50,3,7,9,7,3,0,2,2,7,1,True,False,False,False,False
23,5,58,9,1,8,3,2,0,2,4,4,0,False,False,False,True,False
23,1,86,9,3,6,1,3,0,4,9,7,0,True,False,True,False,True
22,1,75,2,3,7,5,9,0,5,2,2,1,False,True,False,False,True
21,6,79,6,1,4,6,7,1,6,2,9,2,True,True,True,False,True
21,4,69,6,5,5,0,3,1,8,1,5,1,True,True,False,False,True
21,6,77,7,4,8,2,3,1,6,4,6,0,False,True,True,False,False
23,2,99,3,8,4,3,11,1,6,9,4,1,True,True,True,True,False
22,5,72,6,7,4,5,8,1,8,3,1,1,True,False,False,False,False
22,7,45,9,1,4,1,6,1,6,6,9,1,True,True,False,True,False
23,0,95,3,2,6,5,9,2,3,1,4,1,True,False,False,True,False
20,1,42,2,4,7,7,8,0,8,3,5,1,False,True,True,False,False
20,3,70,3,9,7,2,9,1,5,1,4,1,False,True,True,True,False
21,7,48,1,6,5,5,4,0,8,5,7,1,False,False,True,True,False
24,9,65,3,7,6,4,8,1,8,3,8,1,False,False,True,False,True
23,1,85,7,4,4,2,10,1,2,7,8,1,True,False,True,False,False
23,4,49,4,3,6,6,8,1,6,1,6,1,False,False,False,False,True
21,1,45,6,2,9,5,10,0,2,6,6,1,False,False,False,False,False
23,7,42,5,4,6,0,1,0,9,2,7,0,True,False,True,False,True
24,4,66,9,6,7,3,10,1,5,7,6,1,True,False,True,False,True
23,5,45,1,5,9,6,1,2,8,3,6,0,False,False,True,False,False
19,4,53,1,6,6,7,3,2,1,8,3,0,False,False,False,False,True
24,8,75,2,7,7,4,2,0,6,1,9,1,True,True,False,False,True
20,4,79,7,3,9,7,11,0,2,6,1,1,True,False,True,False,False
19,5,98,4,5,5,1,3,2,1,6,6,0,True,False,True,False,False
24,0,97,4,5,5,3,1,1,8,7,8,0,True,False,False,True,False
19,0,92,3,5,6,0,7,1,7,6,3,0,False,False,True,True,False
22,3,64,1,7,4,0,4,1,6,5,8,0,False,False,True,False,False
19,3,62,5,5,7,2,7,1,7,8,4,0,False,True,False,False,True
19,0,65,5,3,6,7,1,1,5,6,7,1,False,True,False,False,True
23,1,82,1,6,8,2,5,0,1,8,7,0,False,False,True,False,False
20,4,99,8,8,4,1,3,1,2,2,6,1,False,False,True,True,False
20,8,94,1,6,9,1,4,1,6,6,7,0,False,False,False,False,True
21,3,43,5,3,5,1,7,2,9,6,3,0,True,False,True,False,True
23,3,44,9,9,6,5,8,0,8,6,8,2,False,False,True,True,False
21,4,66,6,2,8,6,11,1,4,8,7,1,False,True,False,False,False
24,2,99,7,7,5,3,1,1,5,8,1,0,True,False,False,False,False
22,9,76,7,4,6,2,3,1,4,7,7,0,True,False,False,True,False
23,7,97,6,7,5,4,9,2,3,9,8,1,False,False,False,False,True
20,7,96,4,7,8,0,5,1,8,3,7,0,True,False,True,True,False
23,3,41,7,6,7,0,8,1,9,1,9,2,False,False,False,False,False
20,3,78,2,5,9,4,7,0,4,5,7,0,False,False,True,False,True
20,2,57,4,6,8,3,2,1,6,9,4,0,True,False,False,True,False
19,9,64,9,7,8,4,9,0,4,2,3,1,True,False,True,True,False
24,6,70,9,7,8,4,10,2,1,3,4,2,False,False,False,True,False
21,6,72,5,5,5,4,8,0,9,7,4,1,True,True,False,False,False
21,4,92,3,1,4,4,4,0,2,1,9,1,True,False,False,False,False
20,6,96,2,2,7,6,1,0,3,5,8,0,True,False,False,False,False
24,2,49,6,9,4,7,5,0,5,6,1,1,False,True,True,True,False
21,0,66,8,1,9,2,9,1,8,8,1,0,False,False,True,True,False
22,0,89,7,3,6,5,5,0,7,1,9,1,True,False,True,True,False
22,0,69,7,2,4,6,6,1,7,8,8,1,True,False,True,True,False
19,4,42,1,5,8,5,10,2,4,7,2,0,True,True,True,False,False
21,2,51,4,1,8,6,3,1,2,2,4,0,True,False,True,False,True
20,8,87,5,4,6,1,5,1,2,8,3,0,True,True,False,True,False
19,6,82,8,7,9,7,6,0,5,8,9,1,True,True,False,False,True
19,6,76,7,7,5,7,9,1,5,8,7,2,True,False,False,False,True
20,8,55,8,7,6,7,9,2,8,5,4,2,False,True,False,True,False
20,2,40,1,6,4,5,1,2,7,5,4,0,False,False,True,False,False
23,5,71,6,8,7,7,7,2,9,9,4,1,False,False,False,False,True
23,2,86,5,3,9,1,1,1,9,5,5,0,True,False,False,True,False
22,9,85,6,9,6,3,3,1,8,7,1,0,True,False,True,True,False
23,9,66,9,4,5,6,4,1,3,5,5,1,True,True,True,True,False
22,9,40,5,1,7,6,6,2,4,8,3,0,True,True,False,True,False
23,4,48,8,1,5,5,4,1,5,9,3,0,True,False,False,True,False
21,5,45,6,9,8,6,9,2,4,8,7,2,False,False,False,True,False
21,8,98,1,8,8,2,5,0,1,5,9,0,False,False,True,False,False
22,0,51,2,5,5,6,2,1,9,7,1,0,False,False,True,False,False
24,5,52,8,6,7,5,6,0,4,9,7,1,False,False,False,False,True
20,9,40,8,4,7,3,1,1,5,8,3,0,True,False,False,False,True
23,8,68,6,2,8,6,6,2,2,4,3,1,False,False,False,False,True
24,8,52,4,1,8,5,11,2,7,2,5,1,False,False,False,False,True
23,1,96,5,8,9,4,5,1,2,5,7,1,True,True,False,False,False
19,6,74,8,6,7,6,2,0,1,1,1,1,False,True,True,False,True
19,3,47,8,9,9,6,9,0,5,1,8,2,True,True,False,True,False
21,7,70,5,3,4,7,10,0,1,1,7,2,False,False,True,False,True
21,9,81,2,8,7,2,8,1,4,3,8,1,True,False,False,False,True
19,4,76,4,4,4,7,11,0,4,1,1,1,True,True,True,True,False
24,7,46,8,4,5,0,2,0,3,6,2,0,False,True,True,False,False
22,4,58,2,7,7,5,3,1,6,6,9,1,False,False,False,False,False
20,5,64,2,3,4,3,1,1,6,4,7,0,False,False,False,False,True
22,7,99,5,8,6,4,11,2,4,7,7,2,True,True,False,False,False
22,8,41,6,8,9,5,1,2,1,3,9,1,False,False,False,False,True
19,4,47,8,5,4,1,10,0,9,1,7,2,False,False,True,False,False
23,5,55,2,9,6,1,11,1,3,1,1,1,True,False,False,False,False
20,0,90,4,8,5,5,8,0,5,5,2,1,False,False,False,False,True
20,6,83,8,8,9,6,1,2,5,4,7,1,False,True,True,False,False
21,0,64,7,1,6,0,7,1,5,3,8,1,False,False,True,False,True
21,9,93,8,1,9,5,5,2,8,4,2,0,True,False,True,True,False
24,0,55,3,1,4,6,7,1,1,3,4,1,False,False,True,False,False
20,5,86,6,1,5,2,9,0,3,7,1,0,False,False,False,False,True
20,8,93,9,5,8,3,10,1,2,7,4,1,True,True,False,True,False
22,0,66,6,2,6,3,4,0,4,1,7,1,True,True,True,True,False
21,8,72,4,3,8,5,4,1,3,8,8,0,False,True,True,True,False
23,7,49,1,8,7,7,1,0,8,6,3,0,False,False,True,False,True
22,3,51,1,2,7,4,1,1,4,8,3,0,True,True,True,False,True
23,6,88,7,7,9,6,7,1,4,3,3,1,False,True,False,False,True
24,4,40,3,7,7,5,7,2,7,5,9,1,True,True,True,True,False
24,5,86,8,5,5,1,6,1,4,4,3,1,True,False,False,False,False
20,9,56,9,1,9,2,3,2,7,6,9,0,False,True,False,False,True
19,1,62,6,7,8,2,6,0,7,9,9,1,False,True,True,False,True
23,0,76,5,2,6,4,11,2,6,1,2,1,False,True,True,False,False
23,2,79,7,5,4,6,8,2,9,3,5,2,True,True,True,False,False
19,9,59,9,2,6,3,5,1,8,3,3,1,True,True,False,False,False
19,9,78,4,1,7,2,8,0,8,2,3,0,True,True,True,True,False
20,2,92,6,9,6,0,10,0,6,7,9,1,True,False,True,False,False
20,3,48,8,7,9,3,6,0,3,2,5,1,False,False,True,True,False
24,7,54,4,8,4,3,5,0,5,8,9,1,True,True,False,True,False
22,9,70,8,1,6,1,11,2,4,7,6,1,True,False,False,False,True
22,3,66,3,6,6,0,10,1,7,6,2,0,True,True,True,False,False
24,0,44,1,2,4,0,5,1,3,2,8,0,True,False,False,False,False
24,9,95,3,1,5,7,11,1,9,7,6,1,True,False,True,True,False
20,3,47,3,2,5,2,5,1,3,2,6,0,False,True,True,False,False
22,3,70,7,1,8,3,3,1,5,7,7,0,False,True,True,False,True
20,3,78,3,3,7,4,4,1,9,8,7,0,False,True,True,False,True
20,1,71,2,8,7,7,1,1,1,7,6,0,False,False,True,False,True
24,8,85,6,8,9,5,2,2,7,2,3,1,False,True,False,False,True
21,6,84,3,8,8,0,9,1,4,1,8,1,True,True,False,False,True
21,8,61,4,5,9,4,10,1,5,5,4,1,True,False,True,True,False
19,5,43,1,2,8,4,10,1,7,1,8,1,True,True,False,False,False
19,4,83,1,3,9,3,10,1,4,9,8,0,False,False,False,False,False
21,2,88,4,2,6,3,6,1,4,4,9,1,True,True,False,True,False
20,1,49,3,7,7,0,2,1,9,5,7,0,False,True,True,False,False
22,8,81,6,5,6,7,1,2,5,8,5,0,False,True,False,False,False
19,3,99,9,5,5,5,11,2,6,7,1,1,True,False,True,False,False
20,9,55,6,5,9,4,8,0,8,5,2,1,True,False,False,True,False
22,3,71,7,3,8,4,9,1,6,3,2,1,True,False,True,True,False
23,8,67,3,7,7,2,11,0,6,2,6,1,True,False,True,False,False
22,5,99,4,5,7,4,10,0,7,5,3,1,True,False,False,True,False
20,0,83,6,9,6,3,2,0,4,9,9,1,False,False,False,True,False
22,0,50,4,1,5,1,1,0,8,3,4,0,True,False,False,False,True
21,4,67,7,6,8,4,7,1,9,3,3,1,True,False,True,True,False
19,8,48,7,9,7,2,1,0,4,5,3,0,False,True,False,False,True
20,2,40,6,7,5,2,6,2,8,1,5,1,True,False,True,False,True
20,1,68,2,3,5,1,7,1,8,6,5,0,True,True,False,True,False
20,7,61,3,2,5,0,6,0,6,9,5,0,True,True,True,False,False
24,2,84,1,7,9,3,9,0,8,6,8,1,False,True,False,True,False
22,2,68,6,6,9,6,9,2,4,6,1,1,False,True,True,True,False
21,0,69,4,2,6,7,1,2,8,9,2,0,False,True,False,True,False
19,6,59,6,9,6,2,8,0,7,7,5,1,True,True,False,False,False
24,3,46,6,9,5,1,5,1,6,7,5,1,False,True,False,True,False
24,4,84,5,2,5,1,8,0,1,4,8,1,True,True,False,True,False
23,5,62,7,5,7,6,5,1,8,3,9,1,False,False,True,False,True
21,7,60,5,1,6,7,3,0,3,7,7,0,False,True,True,False,True
19,9,76,6,2,4,3,2,2,3,4,8,1,True,False,True,True,False
21,8,48,2,5,8,2,7,1,7,9,8,0,True,False,False,False,True
20,6,77,4,2,7,1,2,1,4,6,5,0,True,False,True,False,False
21,2,88,6,2,9,4,5,0,8,8,9,0,True,False,False,False,True
21,4,92,5,3,8,3,11,0,6,4,1,0,True,False,True,False,False
22,8,64,2,1,6,5,8,2,3,8,3,0,False,True,False,True,False
22,6,49,9,1,7,2,11,0,8,2,3,1,False,False,True,False,False
19,3,65,3,5,4,0,4,0,4,6,2,0,True,False,False,False,False
24,7,71,6,8,4,5,5,2,6,8,5,1,True,True,True,False,True
22,3,97,1,3,5,2,3,1,9,4,5,0,False,True,True,True,False
22,2,57,2,3,6,3,9,1,3,1,7,1,True,False,False,False,False
19,6,77,5,4,5,4,7,1,2,6,8,1,True,False,True,True,False
19,5,53,7,3,8,3,2,0,6,6,3,0,True,True,True,False,True
21,4,77,2,1,8,6,8,1,8,9,9,0,True,True,True,True,False
20,2,82,2,8,5,0,7,1,4,1,7,1,False,True,False,True,False
20,6,91,5,6,5,3,3,1,1,9,8,1,True,True,False,False,True
21,3,77,7,7,9,6,5,1,6,6,7,1,True,True,False,True,False
20,2,99,8,1,8,1,2,1,9,7,1,0,False,False,True,False,True
20,6,92,1,8,7,5,2,1,2,9,9,0,False,False,False,False,True
24,1,78,4,2,5,7,8,2,5,5,7,1,True,False,False,False,False
23,8,96,9,5,4,0,4,2,9,3,2,1,True,True,False,True,False
24,8,79,5,3,8,7,3,1,7,7,4,0,True,True,False,True,False
19,4,90,1,3,8,1,4,1,4,4,6,0,False,False,True,True,False
23,1,58,7,4,4,3,8,1,1,4,7,1,True,False,True,False,True
21,3,79,3,9,4,4,2,2,5,2,6,1,False,False,True,False,False
23,8,48,4,2,8,5,9,0,5,6,4,0,True,False,True,False,False
20,0,56,3,4,5,5,4,1,6,2,1,0,True,False,True,False,True
23,8,94,1,6,6,3,4,0,7,3,7,1,True,True,False,False,False
23,8,53,4,8,6,1,3,1,3,5,6,1,False,True,False,False,False
22,4,80,6,3,7,7,11,0,8,4,8,2,False,False,False,False,False
24,4,87,6,3,8,3,10,0,8,5,5,1,False,False,False,False,True
22,4,91,9,6,5,0,5,2,8,8,6,1,True,False,True,True,False
22,3,79,5,3,8,2,11,0,1,9,2,0,False,True,True,False,False
20,3,78,7,4,7,6,3,0,5,5,4,1,False,True,False,False,True
21,1,98,9,4,4,2,4,1,6,3,5,1,True,True,True,True,False
21,8,93,4,9,5,2,8,2,1,4,3,1,False,False,True,False,False
22,6,58,2,7,8,0,1,1,3,5,8,0,True,True,False,False,False
20,3,95,2,6,6,6,8,1,4,1,6,2,True,True,False,False,False
22,2,91,6,9,8,0,3,1,5,9,7,0,True,False,False,False,True
24,1,95,2,2,9,7,4,1,3,4,6,0,False,True,True,True,False
20,2,48,2,4,8,6,1,1,8,9,3,0,True,False,True,False,False
21,5,97,2,9,9,7,8,1,5,6,2,1,False,False,False,False,True
21,3,56,8,6,7,3,11,2,4,5,5,2,False,False,False,False,False
21,2,95,8,9,6,5,1,2,1,3,3,1,True,False,True,True,False
21,4,41,3,1,6,6,4,2,5,6,2,0,False,False,True,True,False
23,7,88,8,3,7,3,1,1,1,2,5,1,False,True,False,False,False
21,3,97,3,5,7,3,3,1,6,9,5,0,False,True,True,False,True
21,0,88,9,5,7,5,1,1,6,9,2,0,True,False,True,True,False
21,1,98,7,1,8,7,5,0,1,5,2,0,False,False,True,False,True
24,4,90,7,8,7,2,4,2,7,1,7,1,True,False,True,False,False
19,2,40,5,7,4,6,3,0,4,7,3,1,True,True,False,False,False
19,9,76,4,6,7,1,1,2,7,3,8,0,False,False,True,False,False
20,4,73,7,5,9,1,2,1,2,8,7,0,True,False,False,False,False
20,4,73,2,2,7,6,3,2,7,3,6,0,False,True,True,False,False
22,1,73,8,3,5,7,11,1,2,4,5,2,False,True,True,False,True
20,2,47,1,1,9,3,1,1,3,3,5,0,True,False,False,False,True
23,8,48,1,2,6,5,6,2,8,4,2,0,True,True,False,False,True
23,5,40,6,3,7,3,6,1,2,6,5,0,False,False,False,False,False
20,6,50,5,8,4,0,3,0,3,9,7,0,False,True,True,False,True
19,9,91,7,2,8,7,8,0,9,3,9,2,False,False,False,True,False
21,2,76,4,1,9,1,1,1,9,5,3,0,True,False,False,True,False
23,3,46,5,7,9,7,2,1,5,2,2,0,False,True,True,True,False
24,2,83,2,8,6,2,6,1,2,8,9,1,False,True,True,False,True
21,3,50,6,9,8,3,10,1,4,6,4,1,True,True,True,True,False
24,2,78,2,1,6,4,2,0,5,5,9,0,False,False,False,True,False
23,2,65,3,5,9,6,11,0,2,4,5,1,True,False,True,False,True
20,2,88,3,9,4,6,8,1,7,3,8,2,False,False,False,False,False
22,5,44,5,9,7,0,9,0,4,4,7,1,False,True,False,False,False
21,1,75,3,2,6,3,3,1,7,3,1,0,False,False,False,True,False
22,4,97,7,2,9,0,11,2,5,7,6,0,True,False,False,False,True
23,8,88,7,5,9,4,9,1,1,7,6,1,True,False,False,False,False
21,5,44,5,2,5,7,11,1,9,1,8,2,True,True,True,False,True
22,1,89,5,4,5,0,3,1,8,4,7,0,False,True,False,False,True
24,2,58,5,5,4,7,4,0,1,8,8,1,False,True,True,True,False
20,8,57,3,8,7,3,11,1,9,8,4,1,False,False,True,True,False
21,2,93,9,4,9,2,11,2,5,2,4,1,False,False,True,False,False
22,2,47,1,7,5,3,7,2,9,4,3,0,True,False,True,True,False
23,7,64,1,7,7,3,1,0,4,8,3,0,True,False,True,False,True
20,7,68,3,8,4,4,4,1,3,1,2,1,True,True,False,False,False
20,7,86,9,3,8,7,8,1,6,6,3,1,True,False,False,False,True
22,7,88,5,6,6,3,8,1,9,4,3,1,False,True,True,False,True
23,3,73,6,2,8,6,6,2,4,9,2,0,True,False,True,True,False
24,8,99,4,7,6,5,5,1,5,9,8,1,False,False,True,False,False
24,7,40,4,5,6,5,11,1,3,2,7,2,True,True,True,True,False
22,4,81,8,2,9,7,1,1,1,8,6,0,False,False,True,True,False
21,2,77,5,4,5,1,8,1,8,5,8,1,True,True,False,False,True
21,4,98,2,7,4,2,6,2,7,2,2,1,True,False,True,False,True
22,1,99,4,1,8,7,4,0,7,1,9,1,True,False,False,False,True
21,9,42,9,7,7,7,2,2,3,8,2,1,False,True,False,False,False
20,9,68,1,7,8,1,7,0,7,2,7,1,True,True,False,True,False
24,5,61,9,9,5,2,11,0,2,9,6,2,False,False,False,False,False
19,0,50,3,1,8,2,3,1,5,5,7,0,True,True,True,False,False
22,4,44,1,3,4,3,4,0,8,8,3,0,True,False,False,True,False
21,4,78,7,1,6,1,4,0,3,6,7,0,False,True,True,False,False
21,2,78,8,6,5,4,6,0,5,7,1,1,False,True,True,False,True
19,9,52,3,5,6,7,2,1,5,3,5,1,True,False,True,True,False
24,5,77,9,1,8,3,1,1,4,5,8,0,False,True,False,False,True
19,0,63,1,2,6,2,8,0,5,1,8,1,True,False,True,False,False
23,5,71,4,5,9,5,7,2,5,8,2,0,True,True,False,True,False
22,6,86,5,9,5,3,11,1,8,6,7,2,True,True,True,False,True
24,2,68,7,6,5,6,9,1,9,9,3,1,False,True,True,False,False
21,8,67,7,8,8,0,6,0,8,2,6,1,False,False,True,False,False
19,9,67,2,1,4,6,6,0,5,2,3,0,False,False,True,False,True
23,5,86,1,6,5,7,4,1,5,9,4,0,True,False,True,False,False
21,7,54,9,4,5,3,7,2,8,2,2,1,True,False,False,False,False
20,8,85,8,9,9,4,5,0,8,8,3,0,False,False,True,True,False
20,3,77,3,2,6,6,9,1,4,6,7,1,True,True,True,False,False
20,2,98,5,8,7,6,5,0,3,7,4,1,False,True,False,False,False
23,7,78,1,5,5,7,4,2,7,9,6,0,True,False,True,True,False
19,0,93,9,7,9,7,9,0,7,5,6,2,True,False,False,False,False
24,6,61,7,8,7,5,3,1,3,1,6,2,True,True,False,True,False
19,6,96,2,7,7,4,2,0,5,9,5,0,True,False,False,False,False
24,5,54,2,3,5,2,3,2,3,1,5,0,True,True,True,False,True
21,8,47,7,8,5,7,5,2,8,5,2,1,True,True,False,False,True
19,4,63,7,6,9,1,5,1,7,3,9,1,True,False,False,False,True
19,7,43,5,3,9,2,5,1,8,1,6,0,True,False,True,True,False
21,2,89,4,3,5,4,3,1,5,7,9,1,False,True,False,False,False
21,6,50,2,6,9,4,6,1,3,8,8,0,True,True,True,False,True
21,7,90,7,7,7,4,8,1,6,4,1,1,False,True,True,False,False
24,7,74,1,5,7,4,4,2,5,1,8,1,False,False,False,False,True
23,7,40,1,6,7,6,1,2,5,6,6,0,True,False,False,False,False
19,6,76,3,4,4,1,2,2,7,6,1,0,False,False,False,False,True
19,5,66,7,1,6,6,1,1,1,3,4,0,True,True,False,False,True
19,5,78,2,6,9,2,9,1,6,4,6,0,False,True,True,True,False
22,0,45,5,7,4,7,9,2,1,3,3,2,True,False,False,False,True
24,0,95,6,6,9,3,9,1,7,7,1,0,False,True,True,True,False
24,5,45,7,3,8,5,4,0,3,8,8,1,False,False,False,True,False
24,6,42,5,2,6,3,10,0,6,2,1,1,False,False,True,False,True
23,6,74,6,2,8,2,3,0,3,1,3,0,True,False,True,False,False
20,7,61,3,5,8,3,3,1,2,8,2,0,False,False,False,True,False
20,7,45,4,5,7,3,10,2,9,9,6,0,False,True,True,False,True
20,8,67,4,3,5,4,6,0,7,7,2,0,True,True,False,True,False
20,2,95,1,8,8,0,1,0,6,9,3,0,False,True,True,False,False
20,8,60,9,4,6,3,2,2,9,1,6,1,False,True,False,True,False
20,1,99,9,8,7,4,7,1,1,8,4,1,True,False,False,True,False
20,1,64,2,1,7,4,3,0,5,2,1,0,True,False,False,True,False
19,8,48,9,7,5,7,7,2,6,1,3,2,False,False,False,False,True
21,8,85,6,3,8,6,1,2,1,1,1,0,False,False,True,True,False
22,0,46,8,7,5,0,1,1,8,2,1,0,True,True,False,False,False
23,7,64,7,5,9,7,4,1,8,7,4,1,False,False,False,False,True
19,9,85,8,6,7,1,1,1,4,1,9,1,True,False,True,False,True
20,6,58,8,2,5,6,7,2,3,5,2,1,False,False,True,False,True
23,2,97,9,4,7,4,1,0,3,8,4,0,True,True,True,False,False
19,9,50,2,1,7,2,8,1,2,3,8,0,False,False,True,True,False
20,6,52,3,8,8,7,8,1,5,9,8,1,True,False,True,False,True
21,6,74,5,1,5,2,1,1,1,2,8,0,True,True,True,False,False
19,5,89,4,3,4,4,5,2,1,4,1,0,True,False,True,True,False
23,1,80,7,7,5,3,1,0,4,9,5,0,False,False,True,False,True
19,2,90,9,1,4,5,9,0,4,3,4,2,False,True,False,False,True
22,0,53,1,9,7,6,3,1,8,7,7,1,False,False,False,True,False
20,9,57,3,9,9,7,7,1,4,5,9,2,True,True,False,False,True
24,2,57,8,5,5,7,4,0,5,5,8,2,False,False,False,True,False
22,9,52,7,4,9,7,4,0,8,1,3,1,True,True,False,False,False
24,0,41,4,3,6,5,7,2,6,8,5,0,False,True,False,False,True
19,6,40,7,8,8,6,10,1,4,5,4,2,False,False,False,False,True
22,6,76,9,3,5,6,7,1,7,7,5,1,False,False,False,False,False
20,0,88,6,3,7,3,7,1,1,9,2,0,False,False,False,True,False
21,8,73,7,7,6,7,10,0,8,8,3,1,True,True,True,True,False
19,3,62,8,9,8,3,5,1,7,4,8,2,True,False,False,False,True
19,2,52,1,7,5,1,6,1,6,9,1,0,False,True,False,False,False
21,8,54,1,9,7,1,5,1,2,7,5,0,False,True,True,True,False
23,4,77,1,8,9,5,8,1,9,3,8,1,False,True,False,True,False
20,6,96,9,4,9,3,4,2,8,3,3,1,False,False,False,True,False
23,7,84,7,1,6,1,11,2,5,4,9,1,False,False,False,False,False
20,7,59,5,1,9,3,11,1,3,4,5,1,False,True,False,False,False
19,0,75,6,3,6,2,8,2,9,2,3,1,False,True,False,False,True
20,2,87,1,4,9,3,9,1,6,7,9,0,True,False,True,True,False
20,5,59,2,8,7,4,5,1,1,4,6,1,False,True,False,False,False
21,6,87,6,7,9,1,8,0,5,4,6,1,False,False,True,False,False
24,2,58,2,4,6,7,10,0,6,3,7,2,True,False,False,True,False
22,0,62,6,2,9,4,10,1,2,6,2,0,True,True,True,False,True
21,7,92,3,8,7,0,5,2,2,6,3,0,False,True,True,True,False
20,4,93,4,3,5,0,8,0,5,9,2,0,False,False,False,False,False
19,1,92,1,4,4,4,8,1,3,8,6,0,True,False,True,True,False
20,5,87,1,5,8,7,4,0,7,7,4,0,True,True,True,True,False
22,2,57,7,6,4,6,8,1,1,2,2,2,True,True,True,True,False
23,9,57,5,3,5,2,11,0,2,8,7,1,False,False,True,False,True
22,9,45,8,8,8,0,8,1,6,8,9,1,True,True,False,True,False
23,6,62,8,9,7,3,4,1,5,9,8,1,False,False,False,False,False
24,2,97,1,7,8,4,9,0,5,5,5,1,False,False,True,False,True
21,1,63,8,4,8,3,5,0,1,9,5,0,False,True,False,False,True
22,9,96,6,8,6,4,10,1,6,2,1,2,True,True,False,False,False
24,3,67,4,8,9,3,3,1,3,5,6,0,True,True,False,True,False
19,2,77,6,8,4,6,4,0,6,8,5,1,True,False,False,False,True
23,1,83,6,4,7,5,7,0,9,2,9,2,False,True,False,False,True
21,3,94,4,1,7,7,8,1,5,3,7,1,True,True,False,False,True
20,9,84,3,6,6,5,11,2,6,3,5,1,False,True,True,True,False
21,7,80,2,4,5,0,5,0,1,7,1,0,True,True,True,False,False
21,6,98,6,4,8,6,7,1,2,5,1,1,True,False,False,False,True
19,4,57,9,9,5,5,3,0,5,8,7,1,False,False,True,False,False
21,3,77,6,3,7,6,8,1,2,8,5,1,True,False,True,True,False
19,0,40,3,2,4,1,6,1,8,3,3,0,False,True,True,False,True
22,4,59,5,8,6,7,5,1,7,2,8,2,False,False,False,True,False
20,1,94,3,2,4,7,9,1,7,2,6,1,False,True,True,True,False
19,3,55,7,3,7,1,4,2,1,4,4,0,False,True,False,False,False
23,5,65,4,8,6,3,4,0,6,5,9,1,True,False,False,False,False
21,4,42,8,1,5,7,8,2,6,3,1,1,False,False,False,True,False
20,0,40,5,1,9,3,7,1,4,8,1,0,True,False,False,False,False
24,4,47,5,1,6,4,10,1,6,6,4,1,False,False,False,True,False
19,1,65,3,4,9,5,7,0,3,5,3,0,True,True,False,False,False
19,3,93,9,2,8,3,1,1,6,5,7,0,True,False,False,False,True
21,7,61,1,7,4,1,4,1,1,9,9,0,True,False,True,False,False
21,8,58,5,3,8,6,2,1,7,7,5,0,False,True,True,False,True
20,9,72,5,9,6,1,9,1,3,8,1,1,True,False,False,True,False
24,5,61,9,5,8,6,1,1,4,8,3,0,False,True,False,False,False
24,4,82,9,9,5,0,1,0,2,5,5,1,True,True,True,False,True
24,3,96,9,8,7,0,7,0,1,2,2,1,False,False,True,False,True
23,9,50,7,1,5,3,5,2,2,5,9,1,False,True,True,True,False
22,3,51,9,1,6,3,4,2,5,6,2,0,False,True,False,False,False
22,4,66,5,5,7,1,7,0,9,6,7,0,True,True,True,False,True
19,9,72,7,1,9,3,9,1,4,4,3,0,True,False,True,True,False
22,1,97,9,9,4,3,10,0,4,6,7,2,True,True,False,False,False
24,5,61,9,2,6,7,10,1,1,2,3,2,False,False,False,False,True
23,9,71,8,9,6,4,10,2,1,5,7,2,True,True,True,True,False
20,0,78,3,6,9,5,2,0,6,6,4,0,False,True,True,False,True
24,6,97,4,6,8,7,11,2,3,6,1,1,True,False,True,True,False
20,5,98,1,9,5,0,1,1,6,7,9,0,False,True,True,True,False
20,2,51,4,3,5,7,11,2,7,1,6,2,True,False,True,False,False
21,4,94,2,8,5,4,1,0,8,8,6,0,False,False,True,False,True
24,5,57,6,9,8,1,9,2,5,8,2,0,False,True,True,False,False
21,9,78,6,7,9,5,7,2,1,4,5,1,False,False,True,True,False
22,2,67,8,5,9,5,9,1,8,7,1,0,False,True,True,True,False
23,8,87,2,2,6,4,6,0,9,7,1,0,False,True,True,True,False
22,8,97,9,4,7,4,1,0,8,6,4,0,True,False,True,False,False
22,2,74,9,5,8,6,10,0,1,6,3,1,True,False,True,False,False
20,4,71,7,5,4,1,3,1,8,9,8,1,True,True,False,True,False
21,4,42,1,2,5,0,7,1,7,7,8,0,False,False,False,False,True
22,3,43,9,9,9,7,6,2,6,4,3,1,True,False,True,False,True
19,3,44,2,4,4,4,5,1,4,7,9,1,True,True,True,False,False
21,2,74,3,2,9,4,5,1,6,3,5,0,False,False,False,False,False
23,9,83,8,3,8,0,5,2,1,2,5,1,False,False,False,False,True
20,1,44,1,3,7,0,11,0,6,1,5,1,True,False,False,True,False
22,3,72,9,6,9,6,8,0,5,1,4,2,False,True,True,False,True
19,7,64,9,2,6,4,9,0,3,5,1,1,False,True,False,False,False
23,9,82,4,8,5,6,10,2,9,7,6,2,False,False,False,False,False
21,1,76,8,1,6,6,11,1,5,1,6,2,False,True,False,False,False
20,6,72,5,1,5,6,2,1,4,5,1,0,False,True,False,False,False
19,5,84,7,1,7,2,10,1,2,1,8,1,False,True,False,True,False
19,1,47,5,3,6,3,7,2,7,9,9,0,True,False,True,False,False
21,7,97,6,6,7,4,2,1,9,8,7,0,True,True,False,False,True
19,7,92,5,5,5,1,7,0,3,2,8,1,True,True,True,False,False
23,0,58,6,6,9,0,2,1,3,9,6,0,False,False,False,False,False
23,7,83,7,4,8,7,7,0,7,9,4,1,False,True,False,False,False
22,1,65,1,8,7,5,7,0,7,4,6,1,False,False,True,True,False
22,7,72,7,2,8,0,10,1,6,4,3,0,False,False,False,False,True
24,0,49,5,6,6,0,6,1,2,8,6,0,True,True,False,False,True
20,0,96,6,7,9,0,2,1,5,9,6,0,True,False,False,False,True
24,4,81,7,6,7,5,3,1,3,8,4,0,True,False,True,False,False
19,5,72,8,8,4,5,4,0,6,6,1,1,True,False,False,True,False
19,3,89,8,4,4,7,9,1,4,2,1,2,True,False,False,True,False
19,0,75,2,8,8,2,10,1,4,2,2,1,True,False,False,True,False
19,7,56,9,9,7,4,10,1,3,3,2,2,True,False,False,False,True
21,5,95,6,3,5,3,7,1,2,6,7,1,True,False,True,True,False
24,4,51,3,2,8,3,11,0,3,3,7,1,False,True,True,True,False
21,0,43,9,6,4,3,6,0,1,9,6,1,True,False,False,False,True
23,2,73,9,6,4,3,8,2,5,7,5,1,False,False,True,False,False
24,4,62,7,6,8,1,6,1,4,6,3,0,False,False,True,False,False
24,5,47,2,1,5,5,10,1,6,6,9,1,True,False,True,False,True
21,7,40,4,3,9,1,3,1,1,3,9,0,True,True,True,False,False
19,4,76,8,2,9,5,2,0,3,4,8,1,False,False,False,True,False
22,3,40,4,2,6,5,10,2,8,8,3,0,True,False,False,False,True
20,1,87,7,7,8,4,8,2,1,8,7,1,True,False,False,False,False
21,6,82,2,3,9,3,6,1,1,3,3,0,False,False,True,False,True
20,6,63,2,9,8,1,5,2,4,4,2,0,False,False,True,False,False
23,0,40,4,1,7,5,6,1,5,4,5,0,True,False,False,True,False
23,6,86,7,3,6,3,3,1,6,8,9,0,True,False,True,False,True
20,4,51,3,4,8,5,9,2,1,2,6,1,False,True,True,False,False
22,9,76,4,9,6,4,7,1,3,3,9,2,True,False,True,False,False
22,7,84,8,1,8,0,3,1,7,3,5,0,False,False,True,False,True
22,0,95,9,9,9,2,6,1,5,1,1,1,True,False,False,False,False
20,0,98,8,2,8,0,9,0,2,5,9,1,False,True,True,False,True
20,4,61,5,8,7,2,7,1,1,9,3,0,False,False,False,False,False
21,8,91,6,9,6,7,6,0,6,2,2,1,False,True,True,False,False
24,8,59,2,3,9,6,5,1,3,5,6,0,False,False,True,True,False
22,3,44,9,7,8,7,11,2,2,5,1,2,False,False,False,False,True
23,7,42,4,6,4,2,8,1,4,1,1,1,False,False,False,False,False
24,7,97,1,5,7,7,7,0,6,4,3,0,False,True,True,False,True
23,5,68,2,1,8,6,10,0,6,2,9,1,True,False,True,False,False
19,4,57,3,5,6,3,10,1,3,6,3,0,True,True,True,True,False
21,9,92,5,1,4,7,7,1,6,9,8,1,False,False,True,True,False
21,0,46,4,5,7,4,2,1,9,1,8,1,False,True,False,False,False
22,0,74,4,8,4,2,3,2,4,8,4,0,True,False,True,False,False
20,7,49,7,6,9,0,8,1,9,5,7,1,False,True,False,False,True
23,2,49,7,3,6,3,4,2,3,9,6,0,True,True,False,False,False
22,3,64,7,6,7,2,9,0,3,9,7,1,False,False,False,False,False
22,4,40,1,7,5,4,4,0,7,3,9,1,False,True,True,False,True
22,5,97,9,4,7,0,8,1,5,8,9,1,False,True,False,True,False
24,5,65,3,1,6,5,5,2,5,9,8,0,True,True,True,False,False
24,0,91,4,7,7,1,2,2,4,2,5,0,False,False,False,False,True
19,0,71,8,9,5,6,5,2,9,7,5,1,False,False,True,False,True
19,4,61,4,3,9,6,9,1,7,5,5,1,False,True,False,True,False
21,3,84,8,2,5,3,3,0,5,8,8,1,False,False,False,True,False
20,3,41,8,4,6,0,4,1,5,1,1,0,True,False,True,False,True
23,7,86,1,5,5,2,11,1,7,1,6,1,False,False,True,False,False
22,1,94,7,4,4,7,6,1,7,9,4,1,False,True,True,False,False
20,0,69,3,9,9,2,2,1,7,1,4,0,False,False,False,False,False
24,1,59,5,6,7,1,4,0,6,9,6,0,True,False,True,False,True
22,3,49,3,6,8,4,7,1,4,6,1,0,False,False,True,False,True
20,3,56,1,1,5,4,6,1,8,1,6,0,True,False,True,True,False
19,7,89,5,3,7,1,1,0,9,1,3,0,True,False,True,False,False
21,9,78,8,6,5,7,5,2,9,9,5,1,True,False,False,True,False
24,0,72,1,3,6,2,9,0,2,6,3,0,True,True,True,False,False
24,2,62,9,2,4,7,11,1,1,1,4,2,False,True,False,False,True
21,8,45,4,7,8,0,9,0,4,4,9,1,False,False,True,False,True
23,5,50,1,4,7,4,9,1,2,5,3,0,True,False,True,False,True
21,9,55,8,1,4,3,9,0,4,8,7,1,False,True,False,False,False
19,1,98,1,9,9,7,11,2,4,9,8,1,True,True,True,False,False
20,5,81,1,1,9,1,6,0,2,9,7,0,True,False,True,False,False
22,5,97,3,9,9,5,6,0,5,8,4,0,False,False,False,True,False
24,1,99,6,5,8,6,1,1,2,3,1,0,False,True,False,True,False
22,9,80,6,4,8,5,4,0,2,9,7,0,True,False,True,False,False
21,8,86,3,5,4,4,3,2,1,3,7,1,False,True,False,True,False
24,4,67,7,1,6,0,4,2,2,3,9,1,True,True,False,False,True
24,0,85,1,4,7,7,4,1,6,3,6,1,True,True,False,False,True
19,7,61,4,1,7,4,11,1,5,8,6,1,True,True,False,True,False
24,2,92,4,3,6,0,2,0,6,5,3,0,False,False,False,False,True
24,6,89,9,4,9,4,5,2,7,6,6,1,True,False,False,True,False
22,3,52,5,7,7,6,2,0,2,5,8,1,False,True,False,False,False
23,4,76,8,9,9,5,8,2,8,7,5,1,True,True,False,True,False
21,8,66,5,4,5,7,8,0,4,3,9,2,True,True,False,False,False
23,2,63,6,3,5,1,10,0,6,7,5,1,False,True,True,False,True
20,6,81,3,8,9,6,3,2,3,9,1,0,True,True,False,True,False
24,4,75,4,9,6,0,9,0,4,2,3,1,False,False,True,False,True
19,7,54,4,6,7,2,1,0,2,8,8,0,True,False,True,False,False
21,2,45,8,9,7,0,5,0,3,4,5,1,False,False,False,False,True
20,7,86,2,7,4,5,1,0,1,3,4,1,True,True,False,True,False
22,9,87,4,1,6,2,6,1,2,5,3,0,False,True,False,True,False
24,5,76,5,3,4,1,6,2,1,3,6,1,False,False,True,False,False
21,9,94,6,7,4,1,10,0,8,3,1,1,True,True,True,False,True
22,4,56,9,1,8,0,5,0,5,5,7,0,False,True,False,False,True
22,2,49,3,7,9,2,6,1,1,3,5,1,False,False,False,True,False
23,3,55,5,7,4,2,1,1,8,6,4,0,False,False,False,False,True
24,7,61,2,9,4,5,1,2,3,6,8,1,False,True,False,False,True
19,8,57,9,5,7,6,6,0,8,7,7,1,False,False,True,False,False
20,8,75,8,5,8,4,9,2,8,6,6,1,False,False,True,False,False
19,3,69,2,6,5,4,5,0,3,9,6,0,False,False,True,False,True
24,6,59,2,7,9,6,11,1,4,8,3,1,True,False,False,False,False
22,6,62,5,1,7,4,7,0,6,5,7,0,False,True,True,True,False
21,8,69,2,2,8,2,2,1,1,6,5,0,False,True,False,False,False
22,5,68,2,2,6,2,10,2,5,3,7,1,False,False,True,True,False
24,3,81,4,3,4,1,10,0,8,5,7,1,True,False,False,False,False
24,4,90,7,9,5,3,1,1,5,2,2,1,True,True,False,True,False
21,9,55,3,3,6,6,11,0,9,3,7,1,True,False,True,False,False
22,5,74,3,3,4,7,8,2,3,9,2,0,False,False,True,True,False
23,7,64,1,8,9,0,11,1,6,5,6,1,True,True,False,False,True
20,8,99,3,1,9,2,11,2,3,2,9,1,False,True,False,True,False
23,9,62,5,3,8,7,3,1,6,9,1,0,True,True,True,False,True
23,8,53,7,8,6,0,7,2,8,4,6,1,True,False,False,False,True
23,3,50,8,5,7,0,1,1,2,7,7,0,False,False,False,False,True
24,8,93,3,9,9,6,10,1,1,5,9,2,False,False,True,False,False
24,2,45,4,6,8,5,1,1,3,1,8,1,False,True,False,True,False
24,0,43,2,8,4,3,6,0,9,9,7,1,False,False,False,True,False
22,8,83,5,2,6,4,1,1,3,1,3,0,False,True,False,False,False
20,7,80,2,4,4,4,2,0,7,1,1,0,False,True,True,False,True
23,1,61,3,8,5,7,1,1,3,4,8,1,False,False,False,False,False
21,0,95,7,1,8,1,11,0,4,5,6,1,True,False,True,False,False
22,7,47,9,1,6,1,4,1,6,4,4,0,False,True,False,True,False
22,3,86,6,3,4,5,6,0,7,3,9,2,False,True,False,True,False
19,4,62,8,4,5,7,7,0,2,8,1,1,False,False,True,False,False
20,4,85,8,9,5,1,3,1,1,8,3,0,False,True,True,True,False
24,1,64,4,4,9,5,3,2,7,1,9,1,False,False,True,False,True
20,8,98,6,8,9,7,3,1,7,5,4,1,False,True,False,False,True
21,4,74,8,3,6,2,9,1,4,8,8,1,True,True,False,True,False
24,6,90,2,8,9,4,10,0,1,1,2,1,False,True,False,False,False
20,7,61,4,6,7,1,4,1,2,9,6,0,False,True,False,False,False
22,2,54,1,1,5,2,10,2,6,3,3,0,True,False,True,True,False
22,4,43,1,9,8,1,3,2,7,8,4,0,False,False,True,False,True
19,4,70,2,8,5,0,9,0,5,9,9,1,False,True,True,False,False
24,4,53,6,3,7,4,1,1,2,1,2,0,False,True,False,True,False
23,3,50,7,8,5,4,3,2,3,1,5,1,True,False,True,False,False
19,6,55,1,7,6,7,1,1,2,2,5,1,True,False,True,False,False
22,7,93,7,9,7,2,1,2,3,2,9,1,False,True,False,False,True
23,5,56,5,7,8,5,5,0,9,1,6,1,True,False,False,True,False
22,1,53,7,3,6,6,3,1,8,9,5,0,True,True,True,True,False
19,3,60,6,6,9,0,4,2,8,3,6,0,False,True,True,False,False
22,9,96,8,1,5,0,11,1,5,9,4,0,True,False,False,False,False
24,4,41,6,6,5,4,6,1,6,7,2,1,True,False,False,False,True
19,2,48,2,4,7,4,5,1,3,7,5,0,True,True,True,True,False
24,9,75,5,6,6,3,8,1,8,5,4,1,False,True,True,True,False
20,3,54,2,4,7,3,2,1,2,8,1,0,False,False,False,True,False
24,6,53,2,7,7,0,4,2,5,5,9,0,False,False,False,True,False
24,0,44,2,5,7,2,6,1,6,6,3,0,True,True,False,True,False
23,5,52,3,2,8,0,2,0,8,7,6,0,True,False,True,True,False
23,0,64,8,9,5,1,11,0,2,5,6,2,True,False,True,False,False
22,3,41,2,5,4,0,9,1,6,1,3,1,True,False,False,False,True
21,2,42,1,2,4,3,7,2,6,4,4,0,True,False,False,False,False
20,1,95,3,3,7,3,11,0,6,6,9,1,False,False,False,True,False
20,6,45,6,7,7,4,3,1,7,4,6,1,True,True,True,False,False
19,8,54,6,7,6,1,3,2,4,3,3,0,True,True,True,True,False
21,8,92,5,3,8,7,3,1,4,7,8,1,True,True,False,False,False
21,6,98,6,7,5,4,8,1,2,1,9,2,True,True,False,False,True
21,6,43,3,2,6,5,3,0,6,2,9,1,True,False,False,False,False
20,9,87,2,9,8,5,8,1,6,9,4,1,True,False,False,False,False
22,8,98,4,4,4,3,11,0,4,6,8,1,True,False,True,True,False
22,6,90,7,2,7,4,1,1,2,1,1,0,False,True,True,False,False
20,0,71,8,1,8,2,1,1,4,3,4,0,False,True,True,False,False
20,3,64,4,4,4,6,9,1,1,4,6,2,True,False,False,False,False
19,1,88,2,6,4,1,6,1,6,6,8,1,True,True,True,True,False
22,4,68,5,9,5,7,6,2,8,7,7,2,True,True,False,True,False
21,4,61,7,2,9,3,1,1,8,7,7,0,False,True,False,False,True
23,6,75,6,8,9,1,5,0,7,3,5,1,True,True,False,True,False
21,4,85,5,1,7,2,5,0,5,4,3,0,False,True,True,False,True
20,5,44,3,9,5,2,9,1,6,8,8,1,False,True,True,False,True
24,1,98,6,8,8,3,8,0,4,2,8,2,True,True,True,False,False
24,3,66,6,8,8,2,3,0,3,6,4,0,False,False,False,False,False
21,6,64,7,6,5,0,1,1,8,7,9,0,True,False,True,False,True
19,3,68,1,3,7,7,1,1,7,2,2,0,False,True,False,True,False
24,8,53,5,8,8,5,6,2,4,1,2,1,True,True,True,True,False
24,0,80,9,4,8,4,7,2,3,1,7,1,True,True,True,False,True
20,4,79,7,5,8,0,9,2,3,5,7,1,True,False,False,False,True
19,9,82,8,2,8,2,3,1,3,6,6,0,False,True,False,False,True
19,6,63,6,1,4,1,10,1,8,5,8,1,True,True,False,False,True
22,9,77,1,3,5,2,3,1,5,3,5,0,True,False,True,False,True
22,4,93,3,8,6,2,2,0,6,5,1,0,False,False,False,False,False
24,4,42,5,9,7,3,5,1,9,6,3,1,False,True,False,True,False
21,3,89,8,4,9,5,7,2,1,4,3,1,False,True,False,False,False
21,9,72,3,7,7,0,5,0,5,7,2,0,False,False,True,True,False
21,4,51,3,1,5,6,11,0,5,5,8,1,False,False,True,False,True
23,7,87,2,7,5,4,10,1,9,1,3,1,True,False,False,False,False
23,1,48,7,3,4,4,7,1,9,1,6,2,False,False,False,False,True
23,8,42,3,9,4,6,3,0,5,9,9,1,False,True,False,True,False
22,9,73,5,4,9,7,10,1,6,7,2,0,False,True,True,False,True
22,1,43,2,2,9,4,2,0,3,7,3,0,True,False,False,True,False
21,1,96,6,6,6,6,9,1,4,6,8,2,False,False,True,True,False
19,1,93,3,6,6,6,2,1,9,7,6,0,False,False,True,True,False
24,9,78,4,7,6,0,8,2,3,6,2,0,True,False,False,True,False
19,5,58,5,1,9,5,6,1,2,3,7,0,True,False,True,True,False
23,1,69,8,2,6,6,8,2,7,4,7,1,False,False,True,True,False
24,5,40,8,6,8,4,1,1,2,6,2,0,True,False,True,False,True
22,7,71,3,1,9,1,10,1,5,3,6,0,False,True,False,True,False
24,7,81,3,9,9,6,11,1,7,1,3,2,False,False,False,False,False
24,0,79,1,9,5,6,8,0,1,5,9,2,False,True,False,False,True
20,0,95,1,4,4,5,4,1,8,1,2,1,False,True,False,False,True
21,4,85,7,9,4,0,5,0,9,1,5,2,False,False,False,True,False
22,4,96,8,9,8,2,10,2,8,8,6,1,False,False,False,False,False
21,4,52,3,7,5,0,11,2,6,7,2,1,True,False,False,False,False
22,1,92,2,9,8,0,6,0,4,9,9,0,True,False,True,True,False
23,6,97,3,8,8,4,5,0,2,8,8,1,True,False,False,False,False
19,4,41,6,1,6,1,10,0,1,3,9,1,True,True,False,False,True
19,2,65,1,7,4,1,9,0,5,8,3,0,True,False,False,False,False
24,4,60,5,3,7,5,1,1,3,2,6,1,True,True,False,True,False
21,2,97,8,7,6,2,5,0,1,6,1,1,True,True,False,True,False
20,4,53,2,3,4,3,10,0,1,6,7,1,False,False,False,False,True
19,0,94,8,6,7,2,5,2,4,2,2,1,True,True,True,False,True
21,8,95,8,9,5,4,9,0,3,4,7,2,False,True,True,False,True
23,9,90,3,7,6,4,8,0,5,5,2,1,True,True,True,False,True
23,1,85,8,9,4,1,8,0,4,6,5,2,True,True,False,False,False
20,7,71,2,3,8,1,10,1,6,3,9,1,False,False,True,False,True
21,2,59,3,6,8,2,3,0,8,8,6,0,False,False,True,False,True
23,7,56,2,9,4,1,7,1,2,2,6,1,True,False,False,False,True
23,4,72,6,5,5,3,8,2,4,3,2,1,True,False,False,False,False
22,7,45,8,5,4,1,11,1,7,3,2,1,True,False,False,False,True
21,9,40,3,6,7,3,3,1,2,3,8,1,True,True,False,False,True
22,3,49,1,7,4,7,4,2,9,1,7,1,False,True,True,True,False
23,9,42,7,1,5,6,10,0,5,6,7,1,True,True,True,True,False
23,8,47,4,2,5,6,1,0,2,9,3,0,True,False,True,False,False
20,4,79,5,9,8,2,10,0,1,7,5,1,False,False,False,True,False
20,3,91,6,1,4,5,10,0,1,3,9,2,True,False,True,False,False
19,4,43,8,8,4,4,10,2,5,8,8,2,True,False,True,False,False
19,7,41,6,3,6,5,8,0,2,8,7,1,True,False,False,True,False
21,8,85,3,2,7,6,5,1,2,7,7,0,False,True,True,True,False
19,3,60,1,2,4,1,10,0,6,6,3,0,False,False,False,False,False
19,8,57,7,2,8,2,5,0,6,6,2,0,True,True,True,False,False
23,5,68,9,9,8,3,11,2,7,6,7,2,True,False,True,False,True
21,8,43,2,4,4,0,3,0,8,7,1,0,True,True,False,False,False
23,3,88,3,1,6,4,6,2,1,5,2,0,True,True,True,False,True
21,3,65,1,3,7,2,10,0,4,7,6,0,False,False,False,False,False
21,6,85,4,9,5,5,6,0,2,6,6,1,False,False,False,False,True
21,2,99,1,8,7,7,5,2,6,2,3,1,False,True,False,False,True
22,5,51,6,6,9,7,10,0,7,2,6,2,False,True,True,True,False
21,1,84,3,9,8,4,11,1,5,2,2,1,True,False,True,True,False
23,3,58,5,5,5,1,6,1,2,1,3,1,False,True,True,False,True
19,2,68,8,3,9,4,1,1,9,3,2,0,False,True,False,True,False
23,6,70,4,8,8,3,4,0,5,1,9,1,False,True,False,True,False
21,9,69,6,4,4,3,8,1,6,2,7,1,False,False,True,False,True
24,5,41,2,8,5,2,3,2,6,1,5,1,True,False,False,True,False
23,0,69,1,5,8,7,3,1,1,8,3,0,True,False,False,True,False
22,5,65,3,7,6,6,9,1,2,5,7,2,True,True,False,False,False
23,5,51,7,6,8,6,9,1,7,6,2,1,True,False,False,False,False
22,0,48,7,6,4,6,8,0,3,5,2,1,True,True,False,True,False
22,8,76,3,1,5,0,9,1,7,7,3,0,True,True,True,True,False
23,3,52,3,2,5,6,11,0,7,8,4,1,False,False,False,True,False
24,2,81,2,1,7,5,10,0,7,8,5,0,True,True,True,False,True
24,0,97,5,4,8,6,6,1,4,6,4,1,True,False,False,True,False
20,5,95,4,2,7,5,10,2,4,1,4,1,True,True,True,False,True
19,4,74,2,1,9,2,6,2,9,2,9,0,False,False,False,False,False
19,7,87,5,7,5,6,7,2,7,8,9,2,False,True,False,False,False
21,8,48,1,7,9,5,10,1,7,2,4,1,False,True,False,True,False
24,9,90,4,2,5,3,3,0,6,5,6,0,False,False,True,False,True
22,1,84,5,4,7,0,9,0,7,4,8,1,True,True,True,True,False
22,1,91,6,4,6,4,3,1,8,3,7,1,False,False,True,True,False
19,6,65,3,8,4,2,4,0,5,6,8,1,False,True,True,False,True
24,4,59,8,9,6,5,9,1,3,6,3,2,False,False,False,True,False
19,8,68,8,1,4,6,3,1,7,7,3,0,True,True,False,False,False
23,9,91,7,4,6,4,6,1,7,4,4,1,True,False,False,False,True
22,9,90,3,8,6,0,1,1,7,1,1,0,True,False,False,True,False
20,6,48,7,9,5,0,9,1,5,2,3,2,False,True,False,False,False
20,2,72,1,2,8,2,4,1,2,3,6,0,True,True,True,True,False
20,3,87,5,7,9,1,10,1,5,6,4,0,False,False,True,True,False
21,8,57,3,2,7,2,1,0,7,4,6,0,True,False,True,True,False
20,0,77,1,2,8,4,8,1,3,3,3,0,True,True,False,False,True
